"amazon_rating";"amazon_nusers";"uri"
"4.1";"9";"http://dbpedia.org/resource/The_Tight_Connection"
"4.7";"86";"http://dbpedia.org/resource/Surtur_Rising"
"4.7";"15";"http://dbpedia.org/resource/Moonfire_(album)"
"4.6";"9";"http://dbpedia.org/resource/Love_Songs_for_Patriots"
"3.9";"142";"http://dbpedia.org/resource/Raymond_v._Raymond"
"4.7";"6";"http://dbpedia.org/resource/Everybody_Wants_to_Be_on_TV"
"4.4";"162";"http://dbpedia.org/resource/Slicker_Than_Your_Average"
"4.3";"105";"http://dbpedia.org/resource/Graffiti_(Chris_Brown_album)"
"4.4";"69";"http://dbpedia.org/resource/Invaders_Must_Die"
"3.3";"198";"http://dbpedia.org/resource/TP.3_Reloaded"
"3.6";"379";"http://dbpedia.org/resource/D12_World"
"3.2";"29";"http://dbpedia.org/resource/The_Third_Hand"
"4.2";"57";"http://dbpedia.org/resource/The_Spirit_Indestructible"
"";"";"http://dbpedia.org/resource/Simple_Plan_(album)"
"4.8";"6";"http://dbpedia.org/resource/Goodbye_Bread"
"4.2";"72";"http://dbpedia.org/resource/Fallen_Empires_(album)"
"4.3";"176";"http://dbpedia.org/resource/Figure_8_(album)"
"4.1";"385";"http://dbpedia.org/resource/Faceless"
"4.4";"45";"http://dbpedia.org/resource/American_Slang"
"4.6";"19";"http://dbpedia.org/resource/Nuclear_Daydream"
"4.4";"31";"http://dbpedia.org/resource/Grey_Oceans"
"4.3";"";"http://dbpedia.org/resource/Come_Away_with_Me"
"4.6";"21";"http://dbpedia.org/resource/The_Stage_Names"
"4.0";"686";"http://dbpedia.org/resource/Mezmerize_(album)"
"4.2";"18";"http://dbpedia.org/resource/Blue_Cathedral"
"4.6";"20";"http://dbpedia.org/resource/Time_to_Die"
"4.1";"23";"http://dbpedia.org/resource/Citrus_(album)"
"3.7";"9";"http://dbpedia.org/resource/Walk_It_Off"
"4.4";"";"http://dbpedia.org/resource/A_Rush_of_Blood_to_the_Head"
"4.7";"66";"http://dbpedia.org/resource/Alter_the_Ending"
"4.7";"337";"http://dbpedia.org/resource/Clear_as_Day"
"3.6";"36";"http://dbpedia.org/resource/Some_Loud_Thunder"
"4.5";"56";"http://dbpedia.org/resource/Celebration_Rock"
"4.3";"49";"http://dbpedia.org/resource/The_Craft_(album)"
"";"";"http://dbpedia.org/resource/Five_Serpent's_Teeth"
"3.9";"9";"http://dbpedia.org/resource/Jackinabox"
"4.4";"283";"http://dbpedia.org/resource/Fleet_Foxes_(EP)"
"4.3";"3";"http://dbpedia.org/resource/Sepalcure_(album)"
"4.5";"2";"http://dbpedia.org/resource/Money_and_Celebrity"
"4.5";"165";"http://dbpedia.org/resource/All_the_Lost_Souls"
"4.6";"114";"http://dbpedia.org/resource/All_Things_Bright_and_Beautiful_(album)"
"4.4";"50";"http://dbpedia.org/resource/Rings_Around_the_World"
"3.7";"140";"http://dbpedia.org/resource/Street_Dreams_(Fabolous_album)"
"4.6";"5";"http://dbpedia.org/resource/Castle_Talk_(album)"
"4.0";"13";"http://dbpedia.org/resource/Kill_for_Love"
"3.8";"6";"http://dbpedia.org/resource/Thought_So"
"4.0";"60";"http://dbpedia.org/resource/The_Isness"
"4.0";"33";"http://dbpedia.org/resource/Bitte_Orca"
"4.6";"16";"http://dbpedia.org/resource/13_&_God_(album)"
"4.4";"133";"http://dbpedia.org/resource/Time_(The_Revelator)"
"4.0";"50";"http://dbpedia.org/resource/The_Seventh_Seal_(Rakim_album)"
"4.9";"22";"http://dbpedia.org/resource/Majesty_Shredding"
"4.6";"12";"http://dbpedia.org/resource/Enter_the_Vaselines"
"";"";"http://dbpedia.org/resource/Crown_Royal_(album)"
"4.0";"110";"http://dbpedia.org/resource/Time*_Sex*_Love*"
"4.5";"72";"http://dbpedia.org/resource/The_Drug_in_Me_Is_You"
"4.4";"9";"http://dbpedia.org/resource/Tones_of_Town"
"4.2";"26";"http://dbpedia.org/resource/Destroyer's_Rubies"
"4.5";"33";"http://dbpedia.org/resource/World_Wide_Rebel_Songs"
"4.7";"15";"http://dbpedia.org/resource/The_Libertines_(album)"
"4.2";"119";"http://dbpedia.org/resource/Miss_E..._So_Addictive"
"4.4";"29";"http://dbpedia.org/resource/The_Body,_the_Blood,_the_Machine"
"4.0";"221";"http://dbpedia.org/resource/Bat_Out_of_Hell_III:_The_Monster_Is_Loose"
"4.0";"29";"http://dbpedia.org/resource/Junk_of_the_Heart"
"4.6";"14";"http://dbpedia.org/resource/Midlife:_A_Beginner's_Guide_to_Blur"
"4.2";"22";"http://dbpedia.org/resource/The_Strangest_Things"
"4.2";"18";"http://dbpedia.org/resource/The_Sun_and_the_Moon"
"3.6";"12";"http://dbpedia.org/resource/Street_Horrrsing"
"4.6";"20";"http://dbpedia.org/resource/The_Magic_Position"
"4.3";"15";"http://dbpedia.org/resource/Fiction_Family_(album)"
"4.2";"116";"http://dbpedia.org/resource/It's_Me_Again"
"3.6";"12";"http://dbpedia.org/resource/Vivian_Girls_(album)"
"4.1";"30";"http://dbpedia.org/resource/The_Papercut_Chronicles_II"
"4.1";"85";"http://dbpedia.org/resource/The_Declaration"
"4.8";"5";"http://dbpedia.org/resource/Marissa_Nadler_(album)"
"4.1";"247";"http://dbpedia.org/resource/Vampire_Weekend_(album)"
"4.1";"131";"http://dbpedia.org/resource/Miss_Machine"
"4.3";"3";"http://dbpedia.org/resource/Serena_Maneesh_(album)"
"4.3";"7";"http://dbpedia.org/resource/How_to_Compose_Popular_Songs_That_Will_Sell"
"4.6";"97";"http://dbpedia.org/resource/The_Con_(album)"
"4.6";"16";"http://dbpedia.org/resource/Cryptomnesia_(album)"
"4.4";"115";"http://dbpedia.org/resource/Nothing_Is_Wrong"
"4.8";"34";"http://dbpedia.org/resource/Emeritus_(album)"
"4.1";"36";"http://dbpedia.org/resource/Come_Through_for_You"
"4.6";"187";"http://dbpedia.org/resource/Life_in_Cartoon_Motion"
"4.2";"33";"http://dbpedia.org/resource/Soul_Caddy"
"4.7";"71";"http://dbpedia.org/resource/Decoration_Day_(album)"
"4.7";"38";"http://dbpedia.org/resource/The_Wombats_Proudly_Present:_This_Modern_Glitch"
"4.4";"7";"http://dbpedia.org/resource/Truly_She_Is_None_Other"
"4.1";"220";"http://dbpedia.org/resource/Born_Villain"
"4.6";"63";"http://dbpedia.org/resource/One_Kind_Favor"
"5.0";"1";"http://dbpedia.org/resource/From_the_Forest_to_the_Sea"
"4.1";"146";"http://dbpedia.org/resource/50_Words_for_Snow"
"3.1";"453";"http://dbpedia.org/resource/I_Am_Me"
"3.3";"";"http://dbpedia.org/resource/Chocolate_Starfish_and_the_Hot_Dog_Flavored_Water"
"3.1";"28";"http://dbpedia.org/resource/Brass_Knuckles_(album)"
"4.8";"35";"http://dbpedia.org/resource/The_Color_Spectrum"
"3.6";"287";"http://dbpedia.org/resource/Devils_&_Dust"
"4.9";"67";"http://dbpedia.org/resource/The_Execution_of_All_Things"
"4.6";"17";"http://dbpedia.org/resource/Savane_(album)"
"3.5";"2";"http://dbpedia.org/resource/Health//Disco"
"4.3";"40";"http://dbpedia.org/resource/The_Convincer"
"3.8";"88";"http://dbpedia.org/resource/Godfather_Buried_Alive"
"4.5";"68";"http://dbpedia.org/resource/Some_Kind_of_Trouble"
"4.3";"20";"http://dbpedia.org/resource/Pushing_the_Senses"
"2.9";"100";"http://dbpedia.org/resource/Night_Train_(EP)"
"4.5";"94";"http://dbpedia.org/resource/All_Hands_on_the_Bad_One"
"4.5";"18";"http://dbpedia.org/resource/Maraqopa"
"4.2";"57";"http://dbpedia.org/resource/No_Boys_Allowed"
"4.3";"4";"http://dbpedia.org/resource/End_Titles..._Stories_for_Film"
"4.6";"201";"http://dbpedia.org/resource/Love_on_the_Inside"
"3.7";"102";"http://dbpedia.org/resource/Somebody's_Miracle"
"";"";"http://dbpedia.org/resource/Burn_Your_Town"
"4.7";"26";"http://dbpedia.org/resource/Curse_Your_Branches"
"4.4";"28";"http://dbpedia.org/resource/Stupid_Love"
"4.3";"17";"http://dbpedia.org/resource/What_Were_You_Hoping_For%3F"
"3.3";"23";"http://dbpedia.org/resource/Goon_Affiliated"
"3.0";"1";"http://dbpedia.org/resource/03/07%E2%80%9309/07"
"4.1";"69";"http://dbpedia.org/resource/Townes_(album)"
"4.0";"75";"http://dbpedia.org/resource/Dusk_and_Summer"
"4.3";"3";"http://dbpedia.org/resource/Be_Still_Please"
"4.3";"47";"http://dbpedia.org/resource/Street_Sweeper_Social_Club_(album)"
"4.2";"47";"http://dbpedia.org/resource/14_Shades_of_Grey"
"4.2";"12";"http://dbpedia.org/resource/Hypermagic_Mountain"
"4.2";"141";"http://dbpedia.org/resource/Why_Should_the_Fire_Die%3F"
"";"";"http://dbpedia.org/resource/New_History_Warfare_Vol._2:_Judges"
"4.6";"110";"http://dbpedia.org/resource/Furious_Angels"
"4.4";"126";"http://dbpedia.org/resource/Twin_Cinema"
"4.1";"13";"http://dbpedia.org/resource/8_Million_Stories"
"4.7";"7";"http://dbpedia.org/resource/Complete_Me"
"4.7";"14";"http://dbpedia.org/resource/Yonder_Is_the_Clock"
"4.9";"39";"http://dbpedia.org/resource/Fishin'_for_Woos"
"4.2";"5";"http://dbpedia.org/resource/East_of_Eden_(album)"
"4.7";"563";"http://dbpedia.org/resource/De-Loused_in_the_Comatorium"
"4.5";"109";"http://dbpedia.org/resource/Love_Behind_the_Melody"
"4.4";"5";"http://dbpedia.org/resource/Diaper_Island"
"4.6";"14";"http://dbpedia.org/resource/Imidiwan"
"4.6";"8";"http://dbpedia.org/resource/Flashy"
"4.6";"88";"http://dbpedia.org/resource/Electric_Dirt"
"4.7";"18";"http://dbpedia.org/resource/Lesser_Matters"
"4.7";"71";"http://dbpedia.org/resource/Gorilla_Manor"
"4.8";"33";"http://dbpedia.org/resource/Tassili_(album)"
"4.2";"19";"http://dbpedia.org/resource/Journal_for_Plague_Lovers"
"3.8";"12";"http://dbpedia.org/resource/Slick_Dogs_and_Ponies"
"4.5";"19";"http://dbpedia.org/resource/Internal_Wrangler"
"4.2";"582";"http://dbpedia.org/resource/The_Open_Door"
"4.2";"65";"http://dbpedia.org/resource/Feels"
"4.6";"16";"http://dbpedia.org/resource/WIXIW"
"3.8";"71";"http://dbpedia.org/resource/LCD_Soundsystem_(album)"
"4.5";"117";"http://dbpedia.org/resource/From_a_Basement_on_the_Hill"
"4.3";"91";"http://dbpedia.org/resource/Sound_of_Silver"
"4.6";"17";"http://dbpedia.org/resource/The_Budos_Band_III"
"2.7";"6";"http://dbpedia.org/resource/Rascalize"
"4.1";"49";"http://dbpedia.org/resource/Live_at_Shea_Stadium"
"4.2";"175";"http://dbpedia.org/resource/World_Without_Tears"
"3.8";"377";"http://dbpedia.org/resource/Antics_(album)"
"4.5";"50";"http://dbpedia.org/resource/Midnight_Souvenirs"
"3.9";"44";"http://dbpedia.org/resource/Pawn_Shoppe_Heart"
"4.2";"303";"http://dbpedia.org/resource/So_Long,_Astoria"
"";"";"http://dbpedia.org/resource/Bowie_at_the_Beeb"
"4.7";"441";"http://dbpedia.org/resource/You_Get_What_You_Give_(album)"
"3.4";"11";"http://dbpedia.org/resource/Razorlight_(album)"
"4.4";"93";"http://dbpedia.org/resource/The_Whole_Love"
"3.9";"30";"http://dbpedia.org/resource/Songs_About_Girls"
"4.4";"5";"http://dbpedia.org/resource/Seek_Magic"
"4.4";"20";"http://dbpedia.org/resource/Do_You_Like_Rock_Music%3F"
"4.7";"10";"http://dbpedia.org/resource/If_Songs_Could_Be_Held"
"4.2";"10";"http://dbpedia.org/resource/Electronic_Earth"
"5.0";"3";"http://dbpedia.org/resource/Doomsdayer's_Holiday"
"4.6";"29";"http://dbpedia.org/resource/Twelve_Stops_and_Home"
"4.5";"13";"http://dbpedia.org/resource/Arabia_Mountain_(album)"
"4.2";"23";"http://dbpedia.org/resource/Black_Up"
"3.9";"30";"http://dbpedia.org/resource/Cripple_Crow"
"4.2";"174";"http://dbpedia.org/resource/I_Am_Shelby_Lynne"
"4.8";"32";"http://dbpedia.org/resource/Trill_OG"
"4.3";"354";"http://dbpedia.org/resource/Street's_Disciple"
"4.0";"8";"http://dbpedia.org/resource/Dumb_Luck_(album)"
"4.5";"11";"http://dbpedia.org/resource/Do_It_in_the_AM"
"4.2";"165";"http://dbpedia.org/resource/Saints_of_Los_Angeles"
"4.2";"76";"http://dbpedia.org/resource/Y_Not"
"4.6";"108";"http://dbpedia.org/resource/The_Creek_Drank_the_Cradle"
"4.7";"298";"http://dbpedia.org/resource/30_Seconds_to_Mars_(album)"
"3.8";"373";"http://dbpedia.org/resource/Fly_from_Here"
"4.4";"95";"http://dbpedia.org/resource/Britney_(album)"
"4.6";"272";"http://dbpedia.org/resource/The_Moon_&_Antarctica"
"4.0";"14";"http://dbpedia.org/resource/Walking_Cloud_and_Deep_Red_Sky,_Flag_Fluttered_and_the_Sun_Shined"
"4.6";"218";"http://dbpedia.org/resource/Under_the_Iron_Sea"
"3.8";"157";"http://dbpedia.org/resource/Abnormally_Attracted_to_Sin"
"3.5";"33";"http://dbpedia.org/resource/The_Fine_Art_of_Self_Destruction"
"4.1";"111";"http://dbpedia.org/resource/Pressure_Chief"
"4.7";"26";"http://dbpedia.org/resource/Paper_Tigers"
"3.9";"55";"http://dbpedia.org/resource/Underclass_Hero"
"4.4";"76";"http://dbpedia.org/resource/Songs_in_Red_and_Gray"
"4.3";"";"http://dbpedia.org/resource/The_College_Dropout"
"4.0";"57";"http://dbpedia.org/resource/Tomorrow's_World_(album)"
"4.2";"11";"http://dbpedia.org/resource/Ersatz_GB"
"4.7";"334";"http://dbpedia.org/resource/Hell_on_Heels"
"3.7";"3";"http://dbpedia.org/resource/He_Was_King"
"4.0";"5";"http://dbpedia.org/resource/The_Time_of_the_Assassins"
"4.7";"15";"http://dbpedia.org/resource/Wind_in_the_Wires"
"4.1";"16";"http://dbpedia.org/resource/Alphabutt"
"3.9";"41";"http://dbpedia.org/resource/Airtight's_Revenge"
"4.6";"117";"http://dbpedia.org/resource/Blur:_The_Best_Of"
"3.9";"56";"http://dbpedia.org/resource/Red_Dirt_Road"
"3.7";"11";"http://dbpedia.org/resource/Gemstones_(album)"
"4.8";"12";"http://dbpedia.org/resource/Songs_from_the_Year_of_Our_Demise"
"4.3";"21";"http://dbpedia.org/resource/Mouthfuls"
"4.6";"189";"http://dbpedia.org/resource/The_Lateness_of_the_Hour_(album)"
"4.3";"7";"http://dbpedia.org/resource/Looping_State_of_Mind"
"";"";"http://dbpedia.org/resource/Better_Than_Heavy"
"4.9";"26";"http://dbpedia.org/resource/Ten_Stories"
"4.1";"59";"http://dbpedia.org/resource/Rather_Ripped"
"3.9";"9";"http://dbpedia.org/resource/Love_Travels_at_Illegal_Speeds"
"4.5";"124";"http://dbpedia.org/resource/Seasons_of_My_Soul"
"4.6";"59";"http://dbpedia.org/resource/Feel_That_Fire"
"4.3";"170";"http://dbpedia.org/resource/Goodbye_Lullaby"
"4.8";"61";"http://dbpedia.org/resource/Down_the_Way"
"4.3";"29";"http://dbpedia.org/resource/Absolute_Dissent"
"4.3";"";"http://dbpedia.org/resource/Audioslave_(DVD)"
"4.7";"165";"http://dbpedia.org/resource/Lupe_Fiasco's_Food_&_Liquor"
"4.2";"25";"http://dbpedia.org/resource/Night_on_Fire"
"4.4";"36";"http://dbpedia.org/resource/II_Trill"
"4.7";"49";"http://dbpedia.org/resource/Histoire_de_Melody_Nelson"
"5.0";"1";"http://dbpedia.org/resource/Mr._Impossible_(album)"
"3.7";"89";"http://dbpedia.org/resource/Symphonicities"
"4.3";"88";"http://dbpedia.org/resource/Metals_(album)"
"4.5";"106";"http://dbpedia.org/resource/Taking_Chances"
"4.2";"5";"http://dbpedia.org/resource/Thecontrollersphere"
"4.8";"9";"http://dbpedia.org/resource/Lucky_Shiner"
"4.1";"75";"http://dbpedia.org/resource/Have_One_on_Me"
"3.8";"25";"http://dbpedia.org/resource/Riot_City_Blues"
"4.4";"17";"http://dbpedia.org/resource/Jarvis_(album)"
"5.0";"2";"http://dbpedia.org/resource/Rainwater_Cassette_Exchange"
"3.8";"40";"http://dbpedia.org/resource/My_World,_My_Way_(album)"
"3.9";"61";"http://dbpedia.org/resource/Korn_III:_Remember_Who_You_Are"
"4.7";"64";"http://dbpedia.org/resource/Andrew_Bird_&_the_Mysterious_Production_of_Eggs"
"4.2";"34";"http://dbpedia.org/resource/Song_Yet_to_Be_Sung"
"3.4";"26";"http://dbpedia.org/resource/Tales_Don't_Tell_Themselves"
"4.8";"13";"http://dbpedia.org/resource/Invisible_Cinema"
"3.9";"96";"http://dbpedia.org/resource/The_Great_Escape_Artist"
"3.5";"4";"http://dbpedia.org/resource/Ill_Manors_(album)"
"4.6";"8";"http://dbpedia.org/resource/Silent_Movies"
"4.6";"5";"http://dbpedia.org/resource/Psychic_Chasms"
"4.6";"19";"http://dbpedia.org/resource/The_Wonder_Years_(9th_Wonder_album)"
"4.7";"18";"http://dbpedia.org/resource/Anna_Calvi_(album)"
"4.4";"180";"http://dbpedia.org/resource/Strange_Mercy"
"3.9";"106";"http://dbpedia.org/resource/Amputechture"
"4.4";"9";"http://dbpedia.org/resource/Cold_House"
"4.0";"";"http://dbpedia.org/resource/All_That_You_Can't_Leave_Behind"
"5.0";"4";"http://dbpedia.org/resource/Awfully_Deep"
"4.1";"111";"http://dbpedia.org/resource/Boy_in_da_Corner"
"4.0";"361";"http://dbpedia.org/resource/20_Y.O."
"3.8";"70";"http://dbpedia.org/resource/Way_to_Normal"
"3.8";"46";"http://dbpedia.org/resource/Mine_Is_Yours"
"4.5";"10";"http://dbpedia.org/resource/Flaws"
"4.0";"150";"http://dbpedia.org/resource/Saturday_Nights_&_Sunday_Mornings"
"4.4";"502";"http://dbpedia.org/resource/The_Blueprint"
"3.9";"128";"http://dbpedia.org/resource/Merriweather_Post_Pavilion_(album)"
"4.4";"35";"http://dbpedia.org/resource/The_Town_and_the_City_(album)"
"4.7";"61";"http://dbpedia.org/resource/Neon_Golden"
"3.5";"63";"http://dbpedia.org/resource/Weird_Revolution"
"4.7";"16";"http://dbpedia.org/resource/These_Are_the_Good_Times_People"
"4.7";"88";"http://dbpedia.org/resource/Get_Off_on_the_Pain"
"4.4";"798";"http://dbpedia.org/resource/A_Day_Without_Rain"
"4.4";"143";"http://dbpedia.org/resource/Borrowed_Heaven"
"4.0";"2";"http://dbpedia.org/resource/Modern_Apprentice"
"4.2";"103";"http://dbpedia.org/resource/It's_Blitz!"
"4.5";"322";"http://dbpedia.org/resource/Mama's_Gun"
"3.8";"178";"http://dbpedia.org/resource/The_High_End_of_Low"
"4.4";"231";"http://dbpedia.org/resource/Seal_(2003_album)"
"4.2";"197";"http://dbpedia.org/resource/So_Beautiful_or_So_What"
"4.5";"88";"http://dbpedia.org/resource/Love_Me_Back_(album)"
"4.7";"20";"http://dbpedia.org/resource/Empros"
"4.5";"49";"http://dbpedia.org/resource/The_Old_Kit_Bag"
"4.5";"107";"http://dbpedia.org/resource/The_Complex_(album)"
"4.4";"57";"http://dbpedia.org/resource/Slave_Ambient"
"4.0";"66";"http://dbpedia.org/resource/Her_Majesty_the_Decemberists"
"4.4";"267";"http://dbpedia.org/resource/Apocalyptic_Love"
"4.0";"165";"http://dbpedia.org/resource/Twisted_Angel"
"4.5";"675";"http://dbpedia.org/resource/In_Between_Dreams"
"3.0";"2";"http://dbpedia.org/resource/Democrazy"
"4.5";"6";"http://dbpedia.org/resource/I_Am_Gemini"
"4.7";"440";"http://dbpedia.org/resource/Own_the_Night"
"4.7";"23";"http://dbpedia.org/resource/Peaceful,_the_World_Lays_Me_Down"
"4.3";"59";"http://dbpedia.org/resource/Armchair_Apocrypha"
"4.1";"82";"http://dbpedia.org/resource/Stumble_into_Grace"
"3.6";"57";"http://dbpedia.org/resource/Weapons_of_Mass_Destruction_(album)"
"4.5";"4";"http://dbpedia.org/resource/The_Best_in_Town"
"4.2";"51";"http://dbpedia.org/resource/You_in_Reverse"
"";"";"http://dbpedia.org/resource/In_Our_Space_Hero_Suits"
"4.7";"6";"http://dbpedia.org/resource/Now_You_Are_One_of_Us"
"4.5";"24";"http://dbpedia.org/resource/David_Comes_to_Life"
"4.7";"218";"http://dbpedia.org/resource/Crack_the_Skye"
"4.6";"33";"http://dbpedia.org/resource/Bright_Black_Heaven"
"4.2";"51";"http://dbpedia.org/resource/Fan_Dance_(album)"
"4.2";"213";"http://dbpedia.org/resource/Under_the_Mistletoe"
"3.7";"10";"http://dbpedia.org/resource/Dilate_(Bardo_Pond_album)"
"4.3";"19";"http://dbpedia.org/resource/Sweet_Heart_Sweet_Light"
"4.5";"475";"http://dbpedia.org/resource/Songs_for_the_Deaf"
"3.8";"295";"http://dbpedia.org/resource/If_On_a_Winter's_Night..."
"4.6";"32";"http://dbpedia.org/resource/Sycamore_Meadows"
"4.5";"35";"http://dbpedia.org/resource/Astro_Coast"
"4.5";"102";"http://dbpedia.org/resource/Welcoming_Home_the_Astronauts"
"4.7";"243";"http://dbpedia.org/resource/Music_Is_Better_Than_Words"
"3.9";"38";"http://dbpedia.org/resource/Down_in_Albion"
"4.7";"69";"http://dbpedia.org/resource/The_Money_Store_(album)"
"4.2";"187";"http://dbpedia.org/resource/Backspacer"
"3.7";"83";"http://dbpedia.org/resource/Fork_in_the_Road"
"3.9";"32";"http://dbpedia.org/resource/High_Dive"
"4.2";"94";"http://dbpedia.org/resource/Ringo_2012"
"3.6";"19";"http://dbpedia.org/resource/Tropical_Storm_(album)"
"4.4";"16";"http://dbpedia.org/resource/Parting_the_Sea_Between_Brightness_and_Me"
"5.0";"7";"http://dbpedia.org/resource/Street_Halo"
"2.2";"115";"http://dbpedia.org/resource/Powerballin'"
"4.5";"13";"http://dbpedia.org/resource/Amber_Headlights"
"4.5";"20";"http://dbpedia.org/resource/Out_of_Frequency"
"4.4";"28";"http://dbpedia.org/resource/Fabulous_Muscles"
"4.7";"234";"http://dbpedia.org/resource/Crazy_Ex-Girlfriend"
"4.5";"72";"http://dbpedia.org/resource/Mic_Tyson"
"4.5";"15";"http://dbpedia.org/resource/Shobaleader_One:_d'Demonstrator"
"4.3";"359";"http://dbpedia.org/resource/Rock_n_Roll_Jesus"
"4.4";"15";"http://dbpedia.org/resource/Spot_the_Difference"
"4.4";"16";"http://dbpedia.org/resource/Bird-Brains"
"3.4";"5";"http://dbpedia.org/resource/Earth_vs._The_Pipettes"
"4.3";"28";"http://dbpedia.org/resource/Engineers_(Engineers_album)"
"5.0";"1";"http://dbpedia.org/resource/Cervantine"
"4.2";"322";"http://dbpedia.org/resource/Love_Is_the_Answer_(album)"
"3.9";"24";"http://dbpedia.org/resource/Don't_Do_Anything"
"4.0";"81";"http://dbpedia.org/resource/Nobody's_Daughter"
"3.5";"48";"http://dbpedia.org/resource/Definition_of_Real"
"4.2";"20";"http://dbpedia.org/resource/45:33"
"4.3";"520";"http://dbpedia.org/resource/God's_Son"
"3.8";"179";"http://dbpedia.org/resource/Don't_Tread_on_Me_(album)"
"4.8";"26";"http://dbpedia.org/resource/Payable_on_Death"
"3.0";"72";"http://dbpedia.org/resource/The_Beginning_Stages_of..."
"3.7";"23";"http://dbpedia.org/resource/Mr._Brown_(album)"
"4.7";"6";"http://dbpedia.org/resource/Signal_Morning"
"3.9";"7";"http://dbpedia.org/resource/Jim_Noir_(album)"
"4.6";"221";"http://dbpedia.org/resource/Bear_Creek_(album)"
"4.5";"94";"http://dbpedia.org/resource/Mm.._Food"
"4.5";"8";"http://dbpedia.org/resource/An_Empty_Bliss_Beyond_This_World"
"4.4";"68";"http://dbpedia.org/resource/Love_vs._Money"
"5.0";"4";"http://dbpedia.org/resource/Kellie_Pickler_(album)"
"4.3";"4";"http://dbpedia.org/resource/The_Evangelist"
"4.6";"9";"http://dbpedia.org/resource/Robotique_Majestique"
"4.3";"401";"http://dbpedia.org/resource/Ten_Thousand_Fists"
"3.6";"17";"http://dbpedia.org/resource/Dangerous_Dreams"
"4.0";"112";"http://dbpedia.org/resource/It_Still_Moves"
"4.3";"53";"http://dbpedia.org/resource/Person_Pitch"
"4.7";"177";"http://dbpedia.org/resource/Bachelor_No._2_or,_the_Last_Remains_of_the_Dodo"
"4.3";"26";"http://dbpedia.org/resource/Sam_Sparro_(album)"
"3.6";"23";"http://dbpedia.org/resource/Do_Rabbits_Wonder%3F"
"4.3";"107";"http://dbpedia.org/resource/You_Forgot_It_in_People"
"4.7";"7";"http://dbpedia.org/resource/Xenophanes_(album)"
"3.9";"36";"http://dbpedia.org/resource/Unglamorous"
"4.4";"43";"http://dbpedia.org/resource/Twisted_Tenderness"
"4.7";"232";"http://dbpedia.org/resource/Life_Is_Good_(Nas_album)"
"4.4";"12";"http://dbpedia.org/resource/Euphoric_Heartbreak"
"4.5";"2";"http://dbpedia.org/resource/Crazy_Clown_Time"
"4.4";"238";"http://dbpedia.org/resource/Welcome_Interstate_Managers"
"3.9";"33";"http://dbpedia.org/resource/Bang_Bang_Rock_&_Roll"
"3.5";"44";"http://dbpedia.org/resource/Malice_n_Wonderland"
"4.1";"40";"http://dbpedia.org/resource/R.O.O.T.S."
"3.9";"268";"http://dbpedia.org/resource/Cocky_(album)"
"4.2";"272";"http://dbpedia.org/resource/Bon_Iver,_Bon_Iver"
"4.3";"15";"http://dbpedia.org/resource/Rook_(album)"
"4.3";"6";"http://dbpedia.org/resource/(a)spera"
"4.3";"44";"http://dbpedia.org/resource/Welcome_to_the_North"
"3.5";"454";"http://dbpedia.org/resource/Monkey_Business_(album)"
"4.5";"10";"http://dbpedia.org/resource/Red_Devil_Dawn"
"4.7";"30";"http://dbpedia.org/resource/The_Monitor_(album)"
"4.5";"382";"http://dbpedia.org/resource/Four_the_Record"
"4.0";"1";"http://dbpedia.org/resource/Fasciinatiion"
"3.9";"72";"http://dbpedia.org/resource/What_I_Do"
"4.0";"58";"http://dbpedia.org/resource/Down_to_Earth_(Jem_album)"
"5.0";"3";"http://dbpedia.org/resource/GhostDeini_the_Great"
"4.3";"70";"http://dbpedia.org/resource/You're_a_Woman,_I'm_a_Machine"
"3.9";"9";"http://dbpedia.org/resource/The_Black_Magic_Show"
"4.2";"276";"http://dbpedia.org/resource/So-Called_Chaos"
"4.1";"408";"http://dbpedia.org/resource/A_Little_More_Personal_(Raw)"
"3.3";"6";"http://dbpedia.org/resource/Judgement_Days"
"4.0";"121";"http://dbpedia.org/resource/I_Am_a_Bird_Now"
"4.4";"34";"http://dbpedia.org/resource/Things_We_Lost_in_the_Fire_(album)"
"4.5";"12";"http://dbpedia.org/resource/Big_Talk_(album)"
"4.5";"44";"http://dbpedia.org/resource/Snakes_for_the_Divine"
"4.4";"20";"http://dbpedia.org/resource/Legendary_Weapons"
"3.7";"34";"http://dbpedia.org/resource/Folker"
"4.1";"92";"http://dbpedia.org/resource/White_Chalk"
"4.5";"10";"http://dbpedia.org/resource/Quantic_&_Alice_Russell:_Look_Around_The_Corner"
"4.2";"522";"http://dbpedia.org/resource/Hotel_Paper"
"4.2";"148";"http://dbpedia.org/resource/Pop_Trash"
"3.0";"4";"http://dbpedia.org/resource/Decent_Work_for_Decent_Pay"
"4.2";"30";"http://dbpedia.org/resource/A_Man's_Thoughts"
"4.6";"37";"http://dbpedia.org/resource/De_Vermis_Mysteriis_(album)"
"3.8";"166";"http://dbpedia.org/resource/Red_Carpet_Massacre"
"4.3";"135";"http://dbpedia.org/resource/The_Seldom_Seen_Kid"
"4.6";"5";"http://dbpedia.org/resource/At_Your_Inconvenience"
"3.8";"106";"http://dbpedia.org/resource/The_Mix-Up"
"3.7";"325";"http://dbpedia.org/resource/The_Dutchess"
"4.5";"20";"http://dbpedia.org/resource/Coquelicot_Asleep_in_the_Poppies:_A_Variety_of_Whimsical_Verse"
"3.4";"25";"http://dbpedia.org/resource/Do_You_Know_Squarepusher"
"3.8";"103";"http://dbpedia.org/resource/Gettin'_In_Over_My_Head"
"3.9";"21";"http://dbpedia.org/resource/Wake_Up_the_Nation"
"4.3";"9";"http://dbpedia.org/resource/Favourite_Colours"
"4.2";"6";"http://dbpedia.org/resource/House_of_Balloons"
"4.3";"15";"http://dbpedia.org/resource/Bring_on_the_Comets"
"3.9";"21";"http://dbpedia.org/resource/Killing_Puritans"
"";"";"http://dbpedia.org/resource/3_Doors_Down_(album)"
"4.4";"16";"http://dbpedia.org/resource/Celestial_Lineage"
"4.6";"";"http://dbpedia.org/resource/I_Dreamed_a_Dream_(album)"
"4.3";"252";"http://dbpedia.org/resource/Moodring"
"4.0";"179";"http://dbpedia.org/resource/Arular"
"3.0";"84";"http://dbpedia.org/resource/Universal_Mind_Control"
"4.4";"138";"http://dbpedia.org/resource/Orphans:_Brawlers,_Bawlers_&_Bastards"
"3.8";"157";"http://dbpedia.org/resource/Electric_Circus_(album)"
"5.0";"2";"http://dbpedia.org/resource/Lost_and_Safe"
"4.0";"552";"http://dbpedia.org/resource/The_Golden_Age_of_Grotesque"
"4.6";"5";"http://dbpedia.org/resource/The_Royal_Society_(album)"
"4.4";"28";"http://dbpedia.org/resource/I_Speak_Because_I_Can"
"4.3";"163";"http://dbpedia.org/resource/Birds_of_Pray"
"4.6";"27";"http://dbpedia.org/resource/Bright_Like_Neon_Love"
"4.6";"23";"http://dbpedia.org/resource/Oh_My_God,_Charlie_Darwin"
"3.3";"63";"http://dbpedia.org/resource/Yeah_Ghost"
"4.6";"86";"http://dbpedia.org/resource/Crossing_Muddy_Waters"
"3.8";"";"http://dbpedia.org/resource/American_Life"
"4.7";"13";"http://dbpedia.org/resource/Your_Future_Our_Clutter"
"4.5";"123";"http://dbpedia.org/resource/The_Fray_(album)"
"4.3";"29";"http://dbpedia.org/resource/Early_21st_Century_Blues"
"5.0";"12";"http://dbpedia.org/resource/A_South_Bronx_Story"
"4.3";"24";"http://dbpedia.org/resource/Bow_Down_to_the_Exit_Sign"
"4.4";"39";"http://dbpedia.org/resource/Martha_Wainwright_(album)"
"4.0";"43";"http://dbpedia.org/resource/Morningwood_(album)"
"4.7";"286";"http://dbpedia.org/resource/American_Capitalist"
"4.1";"127";"http://dbpedia.org/resource/Rise_and_Fall,_Rage_and_Grace"
"4.0";"440";"http://dbpedia.org/resource/Franz_Ferdinand_(DVD)"
"4.1";"572";"http://dbpedia.org/resource/Reanimation"
"4.3";"46";"http://dbpedia.org/resource/The_Decline_of_British_Sea_Power"
"4.5";"2";"http://dbpedia.org/resource/Types_of_Wood"
"3.1";"7";"http://dbpedia.org/resource/Stealing_of_a_Nation"
"4.0";"5";"http://dbpedia.org/resource/Silent_Cry"
"3.8";"137";"http://dbpedia.org/resource/Goddess_in_the_Doorway"
"4.4";"17";"http://dbpedia.org/resource/Hold_on_Now,_Youngster"
"4.3";"174";"http://dbpedia.org/resource/American_Gangster_(album)"
"4.2";"75";"http://dbpedia.org/resource/James_Blake_(album)"
"4.8";"198";"http://dbpedia.org/resource/Second_Chance_(album)"
"4.1";"254";"http://dbpedia.org/resource/I'm_with_You_(album)"
"4.6";"45";"http://dbpedia.org/resource/Out_of_Nothing"
"3.8";"4";"http://dbpedia.org/resource/My_Guilty_Pleasure"
"4.2";"35";"http://dbpedia.org/resource/Yuck_(album)"
"4.2";"158";"http://dbpedia.org/resource/Shape_Shifter_(album)"
"4.2";"49";"http://dbpedia.org/resource/Happy_Songs_for_Happy_People"
"4.2";"215";"http://dbpedia.org/resource/Phrenology_(album)"
"4.1";"14";"http://dbpedia.org/resource/The_Handler"
"4.4";"105";"http://dbpedia.org/resource/The_Argument"
"4.5";"20";"http://dbpedia.org/resource/Built_on_Squares"
"4.5";"4";"http://dbpedia.org/resource/Dizzy_Spells_(album)"
"4.3";"601";"http://dbpedia.org/resource/Someone_to_Watch_Over_Me_(album)"
"4.3";"3";"http://dbpedia.org/resource/The_Mess_We_Made"
"4.1";"12";"http://dbpedia.org/resource/Her_Space_Holiday_(album)"
"3.8";"201";"http://dbpedia.org/resource/Veni_Vidi_Vicious"
"3.1";"9";"http://dbpedia.org/resource/We_Global"
"3.6";"24";"http://dbpedia.org/resource/Penance_Soiree"
"4.5";"147";"http://dbpedia.org/resource/Finding_Beauty_in_Negative_Spaces"
"4.6";"110";"http://dbpedia.org/resource/Labor_Days"
"3.4";"446";"http://dbpedia.org/resource/Christmas_in_the_Heart"
"4.4";"15";"http://dbpedia.org/resource/At_the_End_of_Paths_Taken"
"4.4";"46";"http://dbpedia.org/resource/Option_Paralysis"
"5.0";"5";"http://dbpedia.org/resource/Darker_Handcraft"
"4.1";"32";"http://dbpedia.org/resource/The_Contino_Sessions"
"4.3";"31";"http://dbpedia.org/resource/Old_Ramon"
"3.5";"278";"http://dbpedia.org/resource/Guitar_Heaven:_The_Greatest_Guitar_Classics_of_All_Time"
"3.8";"12";"http://dbpedia.org/resource/Uncle_Dysfunktional"
"4.5";"234";"http://dbpedia.org/resource/Sha-Kon-O-Hey!_Land_of_Blue_Smoke"
"3.7";"323";"http://dbpedia.org/resource/The_King_of_Limbs"
"4.0";"17";"http://dbpedia.org/resource/Conatus_(album)"
"4.6";"8";"http://dbpedia.org/resource/Tanglewood_Numbers"
"4.5";"328";"http://dbpedia.org/resource/Beautifully_Human:_Words_and_Sounds_Vol._2"
"3.9";"63";"http://dbpedia.org/resource/Boys_and_Girls_in_America"
"4.0";"47";"http://dbpedia.org/resource/Mudvayne_(album)"
"4.2";"208";"http://dbpedia.org/resource/My_Favourite_Headache"
"4.4";"20";"http://dbpedia.org/resource/Cobblestone_Runway"
"4.3";"38";"http://dbpedia.org/resource/War_Stories_(album)"
"4.5";"47";"http://dbpedia.org/resource/Since_I_Left_You"
"4.6";"23";"http://dbpedia.org/resource/I_Created_Disco"
"4.2";"51";"http://dbpedia.org/resource/Since_We_Last_Spoke"
"3.0";"6";"http://dbpedia.org/resource/Marshall's_House"
"4.7";"161";"http://dbpedia.org/resource/Young_the_Giant_(album)"
"3.8";"21";"http://dbpedia.org/resource/The_Less_You_Know,_the_Better"
"4.7";"123";"http://dbpedia.org/resource/No_Said_Date"
"4.2";"21";"http://dbpedia.org/resource/Night_Falls_Over_Kortedala"
"3.8";"4";"http://dbpedia.org/resource/Pullhair_Rubeye"
"4.3";"69";"http://dbpedia.org/resource/Going_Out_in_Style"
"4.1";"14";"http://dbpedia.org/resource/Slave_to_the_Game"
"3.0";"1";"http://dbpedia.org/resource/Happy_New_Year_(album)"
"4.2";"74";"http://dbpedia.org/resource/Harps_and_Angels"
"3.0";"1";"http://dbpedia.org/resource/Stade_2"
"4.6";"17";"http://dbpedia.org/resource/Post-Nothing"
"4.5";"643";"http://dbpedia.org/resource/Bad_(album)"
"4.6";"9";"http://dbpedia.org/resource/Light_After_Dark"
"4.6";"36";"http://dbpedia.org/resource/Real_Animal"
"4.6";"88";"http://dbpedia.org/resource/Fearless_Love"
"3.7";"37";"http://dbpedia.org/resource/Mail_on_Sunday_(album)"
"3.0";"2";"http://dbpedia.org/resource/The_Colourful_Life"
"4.7";"42";"http://dbpedia.org/resource/Wonders_of_the_Younger"
"4.5";"26";"http://dbpedia.org/resource/Blue_Boy_(album)"
"4.2";"39";"http://dbpedia.org/resource/Neighborhood_Watch_(album)"
"3.4";"767";"http://dbpedia.org/resource/Minutes_to_Midnight_(album)"
"4.0";"46";"http://dbpedia.org/resource/Separation_Sunday"
"4.3";"110";"http://dbpedia.org/resource/Hot_Sauce_Committee_Part_Two"
"3.6";"48";"http://dbpedia.org/resource/Funstyle"
"4.0";"1";"http://dbpedia.org/resource/Steingarten"
"3.9";"28";"http://dbpedia.org/resource/Ultra_Payloaded"
"4.4";"16";"http://dbpedia.org/resource/Party_Music"
"4.0";"52";"http://dbpedia.org/resource/Easy_Wonderful"
"4.1";"48";"http://dbpedia.org/resource/We_Love_Life"
"4.2";"204";"http://dbpedia.org/resource/Merry_Christmas_II_You"
"4.2";"149";"http://dbpedia.org/resource/My_Private_Nation"
"4.5";"12";"http://dbpedia.org/resource/Brooklynati"
"4.3";"27";"http://dbpedia.org/resource/Our_Shadows_Will_Remain"
"4.2";"84";"http://dbpedia.org/resource/Grown_&_Sexy"
"4.3";"72";"http://dbpedia.org/resource/Year_of_the_Dog..._Again"
"3.9";"161";"http://dbpedia.org/resource/Lights_and_Sounds"
"3.6";"228";"http://dbpedia.org/resource/If_Not_Now,_When%3F_(album)"
"4.5";"301";"http://dbpedia.org/resource/Farmer's_Daughter_(album)"
"5.0";"3";"http://dbpedia.org/resource/Hologram_Jams"
"4.2";"480";"http://dbpedia.org/resource/My_Beautiful_Dark_Twisted_Fantasy"
"4.5";"242";"http://dbpedia.org/resource/Leave_This_Town"
"4.4";"5";"http://dbpedia.org/resource/Travistan"
"4.0";"1";"http://dbpedia.org/resource/Summer_of_the_Shark_(album)"
"4.0";"4";"http://dbpedia.org/resource/Mikal_Cronin_(album)"
"4.7";"60";"http://dbpedia.org/resource/All_6's_and_7's"
"3.8";"347";"http://dbpedia.org/resource/I_Am..._Sasha_Fierce"
"";"";"http://dbpedia.org/resource/Only_One_Flo_(Part_1)"
"4.4";"58";"http://dbpedia.org/resource/I_Learned_the_Hard_Way"
"4.3";"49";"http://dbpedia.org/resource/One_Day_as_a_Lion_(EP)"
"4.0";"63";"http://dbpedia.org/resource/The_Best_Little_Secrets_Are_Kept"
"4.1";"34";"http://dbpedia.org/resource/A_Creature_I_Don't_Know"
"4.9";"8";"http://dbpedia.org/resource/Mad_for_Sadness"
"4.5";"2";"http://dbpedia.org/resource/Three's_Co."
"4.6";"9";"http://dbpedia.org/resource/A_Better_Version_of_Me"
"5.0";"3";"http://dbpedia.org/resource/More_Heart_Than_Brains"
"4.3";"21";"http://dbpedia.org/resource/Blood_Like_Lemonade"
"4.0";"34";"http://dbpedia.org/resource/Awake_Is_the_New_Sleep"
"4.5";"22";"http://dbpedia.org/resource/Mwng"
"4.6";"27";"http://dbpedia.org/resource/Blues_Dream"
"3.9";"57";"http://dbpedia.org/resource/Never_Been_Gone"
"4.6";"13";"http://dbpedia.org/resource/Where_Shall_You_Take_Me%3F"
"4.0";"278";"http://dbpedia.org/resource/I'm_Wide_Awake,_It's_Morning"
"4.8";"175";"http://dbpedia.org/resource/Electra_Heart"
"4.9";"17";"http://dbpedia.org/resource/Suburbia_I've_Given_You_All_and_Now_I'm_Nothing"
"4.8";"10";"http://dbpedia.org/resource/Lowedges"
"4.4";"713";"http://dbpedia.org/resource/Morning_View_Sessions"
"3.4";"20";"http://dbpedia.org/resource/Weapons_(album)"
"4.8";"5";"http://dbpedia.org/resource/Hissing_Fauna,_Are_You_the_Destroyer%3F"
"4.1";"16";"http://dbpedia.org/resource/Everything_Is_Borrowed"
"4.5";"12";"http://dbpedia.org/resource/The_Power_of_Negative_Thinking:_B-Sides_&_Rarities"
"4.1";"207";"http://dbpedia.org/resource/Chickenfoot_III"
"4.8";"17";"http://dbpedia.org/resource/ONoffON"
"3.5";"25";"http://dbpedia.org/resource/Drum's_Not_Dead"
"4.7";"43";"http://dbpedia.org/resource/Up_to_Now"
"4.2";"82";"http://dbpedia.org/resource/Righteous_Love"
"3.9";"236";"http://dbpedia.org/resource/Lost_and_Found_(Mudvayne_album)"
"4.8";"38";"http://dbpedia.org/resource/In_Case_You_Didn't_Know"
"4.7";"501";"http://dbpedia.org/resource/Let_Them_Talk"
"4.6";"7";"http://dbpedia.org/resource/Fin_(album)"
"4.5";"335";"http://dbpedia.org/resource/Love_Is_a_Four_Letter_Word_(album)"
"3.8";"5";"http://dbpedia.org/resource/X_Marks_Destination"
"3.1";"7";"http://dbpedia.org/resource/Sweet_7"
"4.8";"19";"http://dbpedia.org/resource/Leaves_Turn_Inside_You"
"4.4";"137";"http://dbpedia.org/resource/A.D.D._(Audio_Day_Dream)"
"4.5";"153";"http://dbpedia.org/resource/Feel_the_Steel"
"4.3";"10";"http://dbpedia.org/resource/Look_to_the_Sky"
"4.0";"65";"http://dbpedia.org/resource/Desperate_Youth,_Blood_Thirsty_Babes"
"4.1";"42";"http://dbpedia.org/resource/The_Magic_Numbers_(album)"
"4.1";"22";"http://dbpedia.org/resource/Drums_and_Guns"
"4.6";"5";"http://dbpedia.org/resource/Strength_in_Numbers_(Calla_album)"
"4.0";"1";"http://dbpedia.org/resource/The_Futureheads_(album)"
"4.4";"65";"http://dbpedia.org/resource/The_Preacher's_Son"
"4.5";"19";"http://dbpedia.org/resource/When_I_Pretend_to_Fall"
"4.0";"67";"http://dbpedia.org/resource/D-D-Don't_Don't_Stop_the_Beat"
"4.2";"15";"http://dbpedia.org/resource/Mechanical_Wonder"
"4.8";"23";"http://dbpedia.org/resource/Transfiguration_of_Vincent"
"4.9";"7";"http://dbpedia.org/resource/Killer_Sounds"
"4.2";"44";"http://dbpedia.org/resource/Ta_det_lugnt"
"3.8";"23";"http://dbpedia.org/resource/One_Soul_Now"
"3.8";"15";"http://dbpedia.org/resource/Under_the_Boards"
"3.9";"19";"http://dbpedia.org/resource/Akron/Family_(album)"
"4.0";"2";"http://dbpedia.org/resource/Only_Built_4_Cuban_Linx..._Pt._II"
"4.5";"2";"http://dbpedia.org/resource/Calamity_(album)"
"4.2";"238";"http://dbpedia.org/resource/Morph_the_Cat"
"3.5";"110";"http://dbpedia.org/resource/Songs_from_Black_Mountain"
"4.4";"47";"http://dbpedia.org/resource/The_Boy_with_No_Name"
"4.4";"59";"http://dbpedia.org/resource/Dig,_Lazarus,_Dig!!!"
"4.2";"26";"http://dbpedia.org/resource/Fake_Songs"
"4.5";"12";"http://dbpedia.org/resource/Comicopera"
"4.4";"32";"http://dbpedia.org/resource/Authenticity_(Foreign_Exchange_album)"
"4.3";"141";"http://dbpedia.org/resource/The_Curse_of_Blondie"
"3.5";"42";"http://dbpedia.org/resource/Fantasy_Black_Channel"
"3.5";"10";"http://dbpedia.org/resource/The_Golden_D"
"4.1";"15";"http://dbpedia.org/resource/Born_in_the_U.K."
"4.6";"50";"http://dbpedia.org/resource/Civilian_(Wye_Oak_album)"
"3.5";"60";"http://dbpedia.org/resource/Good_Morning_Revival"
"3.7";"24";"http://dbpedia.org/resource/Fornever"
"4.8";"12";"http://dbpedia.org/resource/Ravedeath,_1972"
"4.8";"27";"http://dbpedia.org/resource/UGK_4_Life"
"3.0";"96";"http://dbpedia.org/resource/Fragments_of_Freedom"
"4.4";"5";"http://dbpedia.org/resource/Marnie_Stern_(album)"
"4.9";"8";"http://dbpedia.org/resource/Special_Affections"
"4.3";"262";"http://dbpedia.org/resource/Avenged_Sevenfold_(album)"
"4.5";"282";"http://dbpedia.org/resource/The_End_of_All_Things_to_Come"
"4.7";"45";"http://dbpedia.org/resource/Apollo_Kids_(album)"
"3.5";"120";"http://dbpedia.org/resource/Raditude"
"4.0";"14";"http://dbpedia.org/resource/Melodia_(album)"
"4.2";"9";"http://dbpedia.org/resource/Remind_Me_Where_the_Light_Is"
"4.8";"27";"http://dbpedia.org/resource/When_It_All_Goes_South"
"3.9";"98";"http://dbpedia.org/resource/Return_to_Cookie_Mountain"
"4.0";"241";"http://dbpedia.org/resource/The_Rainbow_Children"
"4.3";"29";"http://dbpedia.org/resource/Doggumentary"
"4.4";"205";"http://dbpedia.org/resource/Slash_(album)"
"4.4";"118";"http://dbpedia.org/resource/Picaresque_(album)"
"4.3";"40";"http://dbpedia.org/resource/Mar_Dulce_(album)"
"3.8";"23";"http://dbpedia.org/resource/Stir_the_Blood"
"4.8";"20";"http://dbpedia.org/resource/I'll_Be_Lightning"
"4.0";"34";"http://dbpedia.org/resource/Matthew_Morrison_(album)"
"4.6";"54";"http://dbpedia.org/resource/My_Maudlin_Career"
"4.3";"4";"http://dbpedia.org/resource/Bears,_Mayors,_Scraps_&_Bones"
"4.4";"15";"http://dbpedia.org/resource/City_Beach_(album)"
"4.3";"68";"http://dbpedia.org/resource/Radio_Retaliation"
"3.6";"23";"http://dbpedia.org/resource/Trust_Me_(album)"
"4.1";"448";"http://dbpedia.org/resource/White_Blood_Cells_(album)"
"3.6";"93";"http://dbpedia.org/resource/Other_People's_Songs"
"4.4";"68";"http://dbpedia.org/resource/Hell_Hath_No_Fury"
"4.4";"294";"http://dbpedia.org/resource/BLACKsummers'night"
"4.1";"58";"http://dbpedia.org/resource/Blackout!_2"
"4.5";"4";"http://dbpedia.org/resource/The_Glass_Bead_Game_(album)"
"3.6";"200";"http://dbpedia.org/resource/Human_After_All"
"3.8";"52";"http://dbpedia.org/resource/Charango_(album)"
"3.5";"295";"http://dbpedia.org/resource/Around_the_Sun"
"4.5";"2";"http://dbpedia.org/resource/Letters_from_the_Underground"
"3.7";"15";"http://dbpedia.org/resource/Georgia_Clay"
"4.1";"33";"http://dbpedia.org/resource/Streets_of_Gold"
"5.0";"5";"http://dbpedia.org/resource/Pop_Tune"
"4.5";"8";"http://dbpedia.org/resource/Timez_Are_Weird_These_Days"
"4.2";"14";"http://dbpedia.org/resource/Fall_Heads_Roll"
"4.2";"45";"http://dbpedia.org/resource/Hello_Waveforms"
"4.2";"35";"http://dbpedia.org/resource/Never_Cry_Another_Tear"
"4.6";"16";"http://dbpedia.org/resource/Welcome_to_Mali"
"4.2";"227";"http://dbpedia.org/resource/Getting_Away_with_Murder_(album)"
"4.2";"98";"http://dbpedia.org/resource/Veckatimest"
"4.5";"112";"http://dbpedia.org/resource/Murdered_Love"
"4.6";"15";"http://dbpedia.org/resource/From_Here_We_Go_Sublime"
"4.3";"12";"http://dbpedia.org/resource/Dirty_Words"
"4.0";"118";"http://dbpedia.org/resource/Lions_(album)"
"4.0";"188";"http://dbpedia.org/resource/Live_Like_You_Were_Dying"
"4.3";"152";"http://dbpedia.org/resource/Memphis_Blues_(album)"
"3.5";"10";"http://dbpedia.org/resource/On_Your_Sleeve"
"4.2";"55";"http://dbpedia.org/resource/Rising_Down"
"4.2";"6";"http://dbpedia.org/resource/The_Magic_Place"
"4.6";"87";"http://dbpedia.org/resource/This_Delicate_Thing_We've_Made"
"4.2";"73";"http://dbpedia.org/resource/Now_Here_Is_Nowhere"
"4.2";"12";"http://dbpedia.org/resource/Foundling_(album)"
"4.8";"28";"http://dbpedia.org/resource/Black_Sheep_Boy"
"3.5";"15";"http://dbpedia.org/resource/Brooklyn's_Don_Diva"
"4.5";"180";"http://dbpedia.org/resource/Dark_Roots_of_Earth"
"4.3";"17";"http://dbpedia.org/resource/Made_in_China_(album)"
"3.9";"9";"http://dbpedia.org/resource/Everyday_I_Said_a_Prayer_for_Kathy_and_Made_a_One_Inch_Square"
"4.0";"4";"http://dbpedia.org/resource/Beaus$Eros"
"4.6";"185";"http://dbpedia.org/resource/American_III:_Solitary_Man"
"4.4";"38";"http://dbpedia.org/resource/Escondida_(album)"
"4.5";"4";"http://dbpedia.org/resource/Chemical_Warfare_(album)"
"4.1";"33";"http://dbpedia.org/resource/I_Am_the_West"
"4.7";"147";"http://dbpedia.org/resource/The_Guitar_Song"
"4.5";"19";"http://dbpedia.org/resource/Tronic"
"4.3";"15";"http://dbpedia.org/resource/I_Am_the_Fun_Blame_Monster!"
"3.0";"10";"http://dbpedia.org/resource/The_Rebirth_of_Venus"
"4.0";"687";"http://dbpedia.org/resource/Break_the_Cycle"
"4.5";"82";"http://dbpedia.org/resource/Foot_of_the_Mountain"
"4.1";"13";"http://dbpedia.org/resource/Big_Dreams_&_High_Hopes"
"4.4";"511";"http://dbpedia.org/resource/In_Rainbows"
"4.7";"40";"http://dbpedia.org/resource/The_Midnight_Organ_Fight"
"4.0";"45";"http://dbpedia.org/resource/Live_on_I-5"
"4.4";"185";"http://dbpedia.org/resource/Poses_(album)"
"4.1";"14";"http://dbpedia.org/resource/Cedars_(album)"
"4.2";"32";"http://dbpedia.org/resource/Darkly,_Darkly,_Venus_Aversa"
"4.4";"74";"http://dbpedia.org/resource/Downtown_Church"
"3.4";"86";"http://dbpedia.org/resource/If_Only_You_Were_Lonely"
"4.2";"151";"http://dbpedia.org/resource/The_Oracle_(album)"
"4.6";"7";"http://dbpedia.org/resource/Black_Swan_(album)"
"4.2";"9";"http://dbpedia.org/resource/Outside_Closer"
"4.8";"4";"http://dbpedia.org/resource/The_Way_the_Wind_Blows"
"4.4";"96";"http://dbpedia.org/resource/Locked_Down_(album)"
"4.6";"125";"http://dbpedia.org/resource/Walking_on_a_Dream"
"4.2";"103";"http://dbpedia.org/resource/Sale_el_Sol"
"3.1";"8";"http://dbpedia.org/resource/Music_for_Courage_and_Confidence"
"4.2";"34";"http://dbpedia.org/resource/Sounds_from_Nowheresville"
"4.0";"139";"http://dbpedia.org/resource/%22V%22_Is_for_Vagina"
"4.7";"3";"http://dbpedia.org/resource/Dark_End_of_the_Street_(album)"
"4.0";"13";"http://dbpedia.org/resource/Humming_by_the_Flowered_Vine"
"4.6";"9";"http://dbpedia.org/resource/The_Airing_of_Grievances"
"4.2";"12";"http://dbpedia.org/resource/Devil's_Music"
"4.1";"7";"http://dbpedia.org/resource/Dead_Media"
"4.5";"478";"http://dbpedia.org/resource/Hopes_and_Fears"
"4.1";"18";"http://dbpedia.org/resource/My_Father_Will_Guide_Me_up_a_Rope_to_the_Sky"
"4.4";"113";"http://dbpedia.org/resource/The_Road_and_the_Radio"
"4.3";"27";"http://dbpedia.org/resource/Monoliths_&_Dimensions"
"4.6";"20";"http://dbpedia.org/resource/The_Lemon_of_Pink"
"4.4";"37";"http://dbpedia.org/resource/Love_the_Future"
"4.6";"9";"http://dbpedia.org/resource/An_Imaginary_Country"
"3.7";"241";"http://dbpedia.org/resource/Pain_Is_Love"
"4.2";"53";"http://dbpedia.org/resource/Familiar_to_Millions"
"4.2";"22";"http://dbpedia.org/resource/Black_Dialogue"
"4.2";"44";"http://dbpedia.org/resource/Artwork_(album)"
"4.2";"76";"http://dbpedia.org/resource/Isolation_Drills"
"4.1";"17";"http://dbpedia.org/resource/Golden_Lies"
"3.0";"3";"http://dbpedia.org/resource/Brassbound"
"3.7";"93";"http://dbpedia.org/resource/The_Magnificent_Tree"
"3.7";"36";"http://dbpedia.org/resource/Human_Conditions"
"4.2";"75";"http://dbpedia.org/resource/The_Industrialist"
"4.3";"30";"http://dbpedia.org/resource/The_Temper_Trap_EP"
"4.9";"10";"http://dbpedia.org/resource/For_Hero:_For_Fool"
"4.3";"16";"http://dbpedia.org/resource/Bright_Yellow_Bright_Orange"
"3.2";"18";"http://dbpedia.org/resource/Client_(album)"
"4.3";"288";"http://dbpedia.org/resource/In_Your_Dreams_(album)"
"4.5";"460";"http://dbpedia.org/resource/Hands_All_Over_(album)"
"4.3";"92";"http://dbpedia.org/resource/Red_Letter_Days_(album)"
"4.5";"";"http://dbpedia.org/resource/Back_to_Black"
"4.2";"183";"http://dbpedia.org/resource/Helplessness_Blues"
"4.3";"4";"http://dbpedia.org/resource/Turning_the_Mind"
"4.4";"37";"http://dbpedia.org/resource/Autumn_of_the_Seraphs"
"3.6";"449";"http://dbpedia.org/resource/Liz_Phair_(album)"
"3.8";"43";"http://dbpedia.org/resource/Congregation_of_the_Damned"
"4.1";"322";"http://dbpedia.org/resource/The_Idler_Wheel..."
"4.1";"524";"http://dbpedia.org/resource/All_the_Right_Reasons"
"4.6";"282";"http://dbpedia.org/resource/Details_(album)"
"4.5";"23";"http://dbpedia.org/resource/Prog_(album)"
"4.0";"17";"http://dbpedia.org/resource/Skying"
"4.5";"59";"http://dbpedia.org/resource/Major/Minor_(album)"
"4.4";"391";"http://dbpedia.org/resource/The_Soft_Bulletin"
"4.4";"76";"http://dbpedia.org/resource/The_Meadowlands_(album)"
"3.7";"3";"http://dbpedia.org/resource/Eats_Darkness"
"4.4";"169";"http://dbpedia.org/resource/The_Battle_for_Everything"
"3.6";"88";"http://dbpedia.org/resource/The_Cosmos_Rocks"
"4.5";"52";"http://dbpedia.org/resource/The_Flying_Club_Cup"
"4.3";"55";"http://dbpedia.org/resource/Mountain_Soul_II"
"3.9";"75";"http://dbpedia.org/resource/Man_vs._Machine"
"3.8";"6";"http://dbpedia.org/resource/Everything_in_Between_(No_Age_album)"
"4.1";"";"http://dbpedia.org/resource/Meteora_(album)"
"4.0";"64";"http://dbpedia.org/resource/The_Fire_Theft_(album)"
"3.4";"28";"http://dbpedia.org/resource/Post_Mortem_(album)"
"4.2";"200";"http://dbpedia.org/resource/Emotion_&_Commotion"
"3.9";"105";"http://dbpedia.org/resource/Based_on_a_T.R.U._Story"
"4.4";"35";"http://dbpedia.org/resource/Not_Without_a_Fight"
"4.0";"158";"http://dbpedia.org/resource/Kris_Allen_(album)"
"4.6";"46";"http://dbpedia.org/resource/To_Lose_My_Life..."
"4.8";"412";"http://dbpedia.org/resource/Intimacy:_Album_III"
"4.2";"30";"http://dbpedia.org/resource/Multiply_Additions"
"4.5";"137";"http://dbpedia.org/resource/1st_Born_Second"
"4.4";"5";"http://dbpedia.org/resource/School_of_the_Flower"
"4.7";"3";"http://dbpedia.org/resource/Carboniferous_(album)"
"4.5";"106";"http://dbpedia.org/resource/Black_Cadillac"
"3.6";"76";"http://dbpedia.org/resource/The_New_Game"
"4.4";"12";"http://dbpedia.org/resource/Two_Dancers"
"4.3";"203";"http://dbpedia.org/resource/Sleep_Through_the_Static"
"4.2";"55";"http://dbpedia.org/resource/Wounded_Rhymes"
"4.5";"181";"http://dbpedia.org/resource/The_Crane_Wife"
"4.8";"35";"http://dbpedia.org/resource/Jj_n%C2%B0_2"
"3.7";"34";"http://dbpedia.org/resource/One_Plus_One_Is_One"
"4.2";"148";"http://dbpedia.org/resource/Waiting_for_the_Sirens'_Call"
"4.5";"8";"http://dbpedia.org/resource/St._Jude_(album)"
"4.3";"172";"http://dbpedia.org/resource/Beaucoup_Fish"
"4.6";"98";"http://dbpedia.org/resource/Game_Theory_(album)"
"4.3";"430";"http://dbpedia.org/resource/Some_Devil"
"4.3";"15";"http://dbpedia.org/resource/Dye_It_Blonde"
"4.2";"60";"http://dbpedia.org/resource/Tinted_Windows_(album)"
"2.8";"452";"http://dbpedia.org/resource/Results_May_Vary"
"3.4";"45";"http://dbpedia.org/resource/Hannicap_Circus"
"5.0";"1";"http://dbpedia.org/resource/One_Beat"
"3.8";"337";"http://dbpedia.org/resource/The_Long_Road"
"4.7";"54";"http://dbpedia.org/resource/Gavin_DeGraw_(album)"
"3.8";"35";"http://dbpedia.org/resource/Rehearsing_My_Choir"
"3.9";"168";"http://dbpedia.org/resource/Sugar_Mountain_%E2%80%93_Live_at_Canterbury_House_1968"
"4.3";"42";"http://dbpedia.org/resource/A_Boot_and_a_Shoe"
"3.5";"6";"http://dbpedia.org/resource/Look_What_You_Made_Me"
"3.8";"58";"http://dbpedia.org/resource/Bittersweet_World"
"4.7";"60";"http://dbpedia.org/resource/Do_You_Want_the_Truth_or_Something_Beautiful%3F"
"4.9";"16";"http://dbpedia.org/resource/Getting_Away_with_It..._Live"
"4.1";"23";"http://dbpedia.org/resource/No_Baggage"
"4.9";"16";"http://dbpedia.org/resource/Make_a_Scene"
"4.4";"30";"http://dbpedia.org/resource/Primary_Colours_(album)"
"4.2";"376";"http://dbpedia.org/resource/Amarantine_(album)"
"4.4";"136";"http://dbpedia.org/resource/Strangeland_(album)"
"4.4";"90";"http://dbpedia.org/resource/Scars_&_Stories"
"4.1";"427";"http://dbpedia.org/resource/God_Hates_Us_All"
"4.7";"3";"http://dbpedia.org/resource/Now,_More_Than_Ever"
"3.0";"3";"http://dbpedia.org/resource/Trapped_Animal"
"4.4";"153";"http://dbpedia.org/resource/Tear_the_World_Down"
"4.5";"164";"http://dbpedia.org/resource/Blood_Mountain_(album)"
"4.1";"144";"http://dbpedia.org/resource/The_Illusion_of_Progress"
"4.5";"179";"http://dbpedia.org/resource/Central_Reservation_(album)"
"4.6";"5";"http://dbpedia.org/resource/Imaad_Wasif_(album)"
"4.0";"771";"http://dbpedia.org/resource/Late_Registration"
"4.5";"292";"http://dbpedia.org/resource/David_Archuleta_(album)"
"3.7";"54";"http://dbpedia.org/resource/Pocket_Symphony"
"4.3";"92";"http://dbpedia.org/resource/Mink_Car"
"4.7";"103";"http://dbpedia.org/resource/Haywire_(Josh_Turner_album)"
"4.2";"10";"http://dbpedia.org/resource/Avalanche_United"
"4.6";"75";"http://dbpedia.org/resource/The_Age_of_Miracles"
"4.5";"43";"http://dbpedia.org/resource/A_Little_Deeper"
"4.4";"81";"http://dbpedia.org/resource/Sir_Lucious_Left_Foot:_The_Son_of_Chico_Dusty"
"3.4";"158";"http://dbpedia.org/resource/Life_on_Display"
"4.5";"235";"http://dbpedia.org/resource/Begin_to_Hope"
"3.9";"7";"http://dbpedia.org/resource/Beyond_the_Neighbourhood"
"4.6";"298";"http://dbpedia.org/resource/For_Emma,_Forever_Ago"
"4.5";"80";"http://dbpedia.org/resource/Teen_Dream"
"4.1";"26";"http://dbpedia.org/resource/Violence_Begets_Violence"
"3.9";"136";"http://dbpedia.org/resource/Day_I_Forgot"
"3.3";"72";"http://dbpedia.org/resource/The_Weirdness"
"4.3";"204";"http://dbpedia.org/resource/Mi_Reflejo"
"4.6";"17";"http://dbpedia.org/resource/Clothes_Drop"
"2.9";"164";"http://dbpedia.org/resource/Tical_0:_The_Prequel"
"4.3";"132";"http://dbpedia.org/resource/Dignity_(album)"
"4.7";"38";"http://dbpedia.org/resource/Grinderman_2"
"5.0";"2";"http://dbpedia.org/resource/Music_Sounds_Better_with_You_(album)"
"4.4";"41";"http://dbpedia.org/resource/Pull_Up_Some_Dust_and_Sit_Down"
"4.4";"";"http://dbpedia.org/resource/Charmbracelet"
"3.6";"55";"http://dbpedia.org/resource/Divided_by_Night"
"4.3";"73";"http://dbpedia.org/resource/The_Covers_Record"
"4.7";"18";"http://dbpedia.org/resource/Unfamiliar_Faces"
"3.6";"39";"http://dbpedia.org/resource/A_Lively_Mind"
"4.0";"1";"http://dbpedia.org/resource/Regifted_Light"
"4.2";"33";"http://dbpedia.org/resource/Dead_Son_Rising"
"4.6";"57";"http://dbpedia.org/resource/Break_It_Yourself"
"4.7";"3";"http://dbpedia.org/resource/Diotima_(album)"
"4.5";"26";"http://dbpedia.org/resource/The_Intercontinentals"
"3.5";"109";"http://dbpedia.org/resource/Return_of_Dragon"
"4.4";"30";"http://dbpedia.org/resource/Under_Cold_Blue_Stars"
"4.3";"24";"http://dbpedia.org/resource/Oceans_Apart"
"4.6";"43";"http://dbpedia.org/resource/Post-War"
"4.4";"66";"http://dbpedia.org/resource/Thunder,_Lightning,_Strike"
"3.1";"24";"http://dbpedia.org/resource/Back_on_My_B.S."
"4.1";"58";"http://dbpedia.org/resource/Lost_in_the_Sound_of_Separation"
"4.0";"7";"http://dbpedia.org/resource/Brett_Anderson_(album)"
"4.3";"50";"http://dbpedia.org/resource/You_Gotta_Go_There_to_Come_Back"
"3.4";"105";"http://dbpedia.org/resource/Gary_Go_(album)"
"4.8";"52";"http://dbpedia.org/resource/Humanoid_(album)"
"4.9";"10";"http://dbpedia.org/resource/Through_the_Windowpane"
"4.6";"186";"http://dbpedia.org/resource/Break_the_Spell"
"4.5";"248";"http://dbpedia.org/resource/Fear_of_a_Blank_Planet"
"4.4";"256";"http://dbpedia.org/resource/Alright,_Still"
"4.7";"19";"http://dbpedia.org/resource/Congotronics"
"4.4";"27";"http://dbpedia.org/resource/Build_a_Rocket_Boys!"
"4.5";"142";"http://dbpedia.org/resource/Devil's_Playground_(album)"
"4.5";"15";"http://dbpedia.org/resource/Let's_Stay_Friends"
"4.5";"98";"http://dbpedia.org/resource/Live_at_Reading"
"4.8";"50";"http://dbpedia.org/resource/The_Greatest_Story_Never_Told"
"4.2";"72";"http://dbpedia.org/resource/Mass_Romantic"
"4.9";"7";"http://dbpedia.org/resource/Clash_Battle_Guilt_Pride"
"4.0";"7";"http://dbpedia.org/resource/Streetlights_(Kurupt_album)"
"4.3";"66";"http://dbpedia.org/resource/This_Is_Happening"
"4.0";"9";"http://dbpedia.org/resource/Glass_Floor"
"3.7";"15";"http://dbpedia.org/resource/In_Some_Way,_Shape_or_Form"
"4.7";"13";"http://dbpedia.org/resource/The_Wanted_(EP)"
"3.9";"12";"http://dbpedia.org/resource/At_Night_We_Live"
"4.2";"72";"http://dbpedia.org/resource/Monsters_of_Folk_(album)"
"4.5";"66";"http://dbpedia.org/resource/Untrue"
"4.5";"8";"http://dbpedia.org/resource/White_Silence"
"4.1";"59";"http://dbpedia.org/resource/Something_for_the_Rest_of_Us"
"";"";"http://dbpedia.org/resource/What_Doesn't_Kill_You,_Eventually_Kills_You"
"4.4";"135";"http://dbpedia.org/resource/Goodbye_Alice_in_Wonderland"
"4.4";"182";"http://dbpedia.org/resource/Wolfgang_Amadeus_Phoenix"
"5.0";"2";"http://dbpedia.org/resource/Impossible_Spaces"
"4.0";"74";"http://dbpedia.org/resource/Stephen_Malkmus_(album)"
"3.6";"147";"http://dbpedia.org/resource/Suit_(album)"
"4.4";"53";"http://dbpedia.org/resource/Woman_King"
"5.0";"3";"http://dbpedia.org/resource/The_Great_Western"
"4.3";"376";"http://dbpedia.org/resource/Aerial_(album)"
"4.3";"7";"http://dbpedia.org/resource/Is_the_World_Strange_or_Am_I_Strange%3F"
"4.2";"95";"http://dbpedia.org/resource/Southern_Rock_Opera"
"3.6";"18";"http://dbpedia.org/resource/Bicycles_&_Tricycles"
"3.0";"16";"http://dbpedia.org/resource/Crunk_Rock"
"4.5";"140";"http://dbpedia.org/resource/Fox_Confessor_Brings_the_Flood"
"4.1";"8";"http://dbpedia.org/resource/Bonfires_on_the_Heath"
"4.9";"11";"http://dbpedia.org/resource/Love_Notes/Letter_Bombs"
"4.5";"12";"http://dbpedia.org/resource/Smother_(album)"
"4.4";"15";"http://dbpedia.org/resource/Live_from_the_Kitchen"
"2.7";"7";"http://dbpedia.org/resource/BAYTL"
"4.2";"36";"http://dbpedia.org/resource/Cosmogramma"
"5.0";"1";"http://dbpedia.org/resource/The_Chronicles_of_Life_and_Death"
"4.7";"54";"http://dbpedia.org/resource/The_Coast_Is_Never_Clear"
"4.7";"41";"http://dbpedia.org/resource/Happiness_(Hurts_album)"
"4.5";"38";"http://dbpedia.org/resource/Until_One"
"4.8";"4";"http://dbpedia.org/resource/Alegranza_(album)"
"5.0";"3";"http://dbpedia.org/resource/Lord_of_the_Birdcage"
"4.4";"69";"http://dbpedia.org/resource/Get_the_Picture%3F_(Smash_Mouth_album)"
"4.7";"721";"http://dbpedia.org/resource/Django_Django_(album)"
"5.0";"5";"http://dbpedia.org/resource/The_Verge_(album)"
"4.5";"44";"http://dbpedia.org/resource/So_Runs_the_World_Away"
"3.5";"200";"http://dbpedia.org/resource/Le_Noise"
"4.2";"93";"http://dbpedia.org/resource/The_Private_Press"
"3.8";"97";"http://dbpedia.org/resource/The_Senior"
"3.8";"62";"http://dbpedia.org/resource/Kids_in_the_Street"
"4.5";"123";"http://dbpedia.org/resource/Favourite_Worst_Nightmare"
"4.0";"88";"http://dbpedia.org/resource/Every_Man_for_Himself_(album)"
"4.6";"76";"http://dbpedia.org/resource/100_Days,_100_Nights"
"5.0";"1";"http://dbpedia.org/resource/I_Phantom"
"4.7";"296";"http://dbpedia.org/resource/Red_River_Blue"
"4.2";"5";"http://dbpedia.org/resource/Nostalgia,_Ultra"
"3.6";"55";"http://dbpedia.org/resource/Shock_Value_II"
"";"";"http://dbpedia.org/resource/A_Place_to_Bury_Strangers_(album)"
"4.3";"103";"http://dbpedia.org/resource/The_Shepherd's_Dog"
"4.0";"29";"http://dbpedia.org/resource/See_My_Friends_(album)"
"3.9";"213";"http://dbpedia.org/resource/Songs_from_the_Sparkle_Lounge"
"4.3";"32";"http://dbpedia.org/resource/Double_Figure"
"3.9";"35";"http://dbpedia.org/resource/The_First_of_the_Microbe_Hunters"
"4.7";"3";"http://dbpedia.org/resource/Breaking_Kayfabe"
"4.0";"38";"http://dbpedia.org/resource/Shaka_Rock"
"4.0";"1";"http://dbpedia.org/resource/The_Sophtware_Slump"
"4.0";"121";"http://dbpedia.org/resource/Dirty_Vegas_(album)"
"4.6";"247";"http://dbpedia.org/resource/The_Head_and_the_Heart_(album)"
"4.0";"3";"http://dbpedia.org/resource/Imperial_Wax_Solvent"
"4.3";"98";"http://dbpedia.org/resource/American_Tragedy_Redux"
"3.6";"123";"http://dbpedia.org/resource/Are_You_Passionate%3F"
"4.6";"31";"http://dbpedia.org/resource/Transcendental_Youth"
"4.3";"28";"http://dbpedia.org/resource/Built_from_Scratch"
"3.6";"16";"http://dbpedia.org/resource/My_Bloody_Underground"
"3.7";"394";"http://dbpedia.org/resource/Nostradamus_(album)"
"3.6";"16";"http://dbpedia.org/resource/Fragile_Future"
"4.0";"62";"http://dbpedia.org/resource/Attak"
"4.0";"10";"http://dbpedia.org/resource/Three_Fact_Fader"
"4.5";"12";"http://dbpedia.org/resource/Oohs_&_Aahs"
"4.5";"71";"http://dbpedia.org/resource/Girls_Can_Tell"
"3.3";"12";"http://dbpedia.org/resource/Machine_(EP)"
"4.6";"14";"http://dbpedia.org/resource/Spiral_Shadow"
"3.9";"17";"http://dbpedia.org/resource/Studio_150"
"4.5";"38";"http://dbpedia.org/resource/Sunny_Border_Blue"
"4.0";"246";"http://dbpedia.org/resource/Heathen_Chemistry"
"4.2";"82";"http://dbpedia.org/resource/The_Spine"
"4.8";"199";"http://dbpedia.org/resource/That_Lonesome_Song"
"3.0";"7";"http://dbpedia.org/resource/The_Mirror_Explodes"
"4.0";"9";"http://dbpedia.org/resource/Magnificent_City"
"4.5";"13";"http://dbpedia.org/resource/The_Milk_of_Human_Kindness"
"4.1";"35";"http://dbpedia.org/resource/Battle_for_the_Sun"
"4.1";"70";"http://dbpedia.org/resource/LP1_(Joss_Stone_album)"
"4.4";"391";"http://dbpedia.org/resource/David_Cook_(album)"
"3.7";"88";"http://dbpedia.org/resource/So_Amazin'"
"4.3";"";"http://dbpedia.org/resource/Kid_A"
"";"";"http://dbpedia.org/resource/Doin'_It_Again"
"4.7";"131";"http://dbpedia.org/resource/Ten$Ion"
"4.6";"5";"http://dbpedia.org/resource/Blackjazz"
"4.4";"58";"http://dbpedia.org/resource/Kaputt_(album)"
"3.6";"8";"http://dbpedia.org/resource/Cinder_(album)"
"4.3";"35";"http://dbpedia.org/resource/Graffiti_Soul"
"4.6";"87";"http://dbpedia.org/resource/The_Dirty_South_(album)"
"4.5";"42";"http://dbpedia.org/resource/Just_Us_Kids"
"5.0";"1";"http://dbpedia.org/resource/The_One...Cohesive"
"4.7";"63";"http://dbpedia.org/resource/R.A.P._Music"
"4.6";"56";"http://dbpedia.org/resource/...Burn,_Piano_Island,_Burn"
"4.5";"37";"http://dbpedia.org/resource/Super_Taranta!"
"4.2";"167";"http://dbpedia.org/resource/Escapology_(album)"
"4.2";"5";"http://dbpedia.org/resource/The_Chemistry_of_Common_Life"
"4.3";"106";"http://dbpedia.org/resource/The_Age_of_Adz"
"4.4";"34";"http://dbpedia.org/resource/5.0"
"4.4";"41";"http://dbpedia.org/resource/1991_(EP)"
"5.0";"1";"http://dbpedia.org/resource/@Reverend_Makers"
"4.2";"336";"http://dbpedia.org/resource/Only_by_the_Night"
"4.7";"21";"http://dbpedia.org/resource/Lisbon_(album)"
"4.1";"772";"http://dbpedia.org/resource/Elephant_(album)"
"4.4";"106";"http://dbpedia.org/resource/Wake_Up_and_Smell_the_Coffee"
"5.0";"5";"http://dbpedia.org/resource/The_Ugly_Organ"
"4.4";"37";"http://dbpedia.org/resource/Smoke_Ring_for_My_Halo"
"4.3";"187";"http://dbpedia.org/resource/Salival"
"3.6";"64";"http://dbpedia.org/resource/Season_of_Poison"
"2.7";"37";"http://dbpedia.org/resource/Hoodstar"
"4.2";"11";"http://dbpedia.org/resource/Moment_Bends"
"4.4";"72";"http://dbpedia.org/resource/Kill_the_Moonlight"
"4.7";"20";"http://dbpedia.org/resource/You_Have_No_Idea_What_You're_Getting_Yourself_Into"
"4.3";"245";"http://dbpedia.org/resource/Conspiracy_of_One"
"4.5";"185";"http://dbpedia.org/resource/White_Lilies_Island"
"4.5";"45";"http://dbpedia.org/resource/Nine_Types_of_Light"
"4.6";"97";"http://dbpedia.org/resource/Undun"
"4.7";"46";"http://dbpedia.org/resource/Untitled_23"
"4.2";"60";"http://dbpedia.org/resource/Hell_in_a_Handbasket"
"4.8";"10";"http://dbpedia.org/resource/I_Love_You_Dude"
"4.2";"68";"http://dbpedia.org/resource/WZRD_(album)"
"4.5";"56";"http://dbpedia.org/resource/Forgiven_(album)"
"4.3";"24";"DBpedia_URI"
"3.3";"29";"http://dbpedia.org/resource/Manafon_(album)"
"4.7";"24";"http://dbpedia.org/resource/Oh_Land_(album)"
"3.6";"606";"http://dbpedia.org/resource/Destiny_Fulfilled"
"4.6";"11";"http://dbpedia.org/resource/I_Had_the_Blues_But_I_Shook_Them_Loose"
"4.6";"204";"http://dbpedia.org/resource/Our_Endless_Numbered_Days"
"4.3";"7";"http://dbpedia.org/resource/Wild_Mountain_Nation_(album)"
"4.0";"110";"http://dbpedia.org/resource/Jagged_Little_Pill_Acoustic"
"3.9";"63";"http://dbpedia.org/resource/Transference_(album)"
"4.2";"48";"http://dbpedia.org/resource/Sound_of_Water"
"3.9";"269";"http://dbpedia.org/resource/Fever_to_Tell"
"4.4";"349";"http://dbpedia.org/resource/Out_of_the_Vein"
"4.1";"57";"http://dbpedia.org/resource/Slow_Motion_Daydream"
"";"";"http://dbpedia.org/resource/People_Are_Expensive"
"5.0";"1";"http://dbpedia.org/resource/It_Is_Time_for_a_Love_Revolution"
"4.4";"10";"http://dbpedia.org/resource/Last_Days_of_Wonder"
"4.0";"43";"http://dbpedia.org/resource/Mirrored"
"4.4";"12";"http://dbpedia.org/resource/This_Right_Here_Is_Buck_65"
"4.4";"36";"http://dbpedia.org/resource/The_Tigers_Have_Spoken"
"4.0";"410";"http://dbpedia.org/resource/R&G_(Rhythm_&_Gangsta):_The_Masterpiece"
"4.8";"6";"http://dbpedia.org/resource/Spirit_Moves"
"4.4";"429";"http://dbpedia.org/resource/Yoshimi_Battles_the_Pink_Robots"
"4.1";"340";"http://dbpedia.org/resource/A_Ghost_Is_Born"
"3.5";"6";"http://dbpedia.org/resource/The_Rose_Has_Teeth_in_the_Mouth_of_a_Beast"
"4.6";"29";"http://dbpedia.org/resource/Destroy_Rock_&_Roll"
"4.6";"179";"http://dbpedia.org/resource/The_Unforgiving"
"4.4";"26";"http://dbpedia.org/resource/IRM_(album)"
"4.3";"17";"http://dbpedia.org/resource/Return_to_the_Sea"
"4.0";"77";"http://dbpedia.org/resource/Here_with_Me_(album)"
"3.0";"2";"http://dbpedia.org/resource/You_Could_Have_It_So_Much_Better"
"4.4";"620";"http://dbpedia.org/resource/Mad_Season_(album)"
"4.5";"4";"http://dbpedia.org/resource/Black_Tambourine_(album)"
"4.3";"48";"http://dbpedia.org/resource/The_Last_Kiss_(album)"
"4.2";"275";"http://dbpedia.org/resource/St._Elsewhere_(album)"
"4.4";"118";"http://dbpedia.org/resource/The_Last_Broadcast_(album)"
"4.3";"12";"http://dbpedia.org/resource/Suite_420"
"3.6";"5";"http://dbpedia.org/resource/The_Past_Presents_the_Future"
"4.7";"76";"http://dbpedia.org/resource/Glassheart"
"4.6";"407";"http://dbpedia.org/resource/We_Sing._We_Dance._We_Steal_Things."
"4.1";"229";"http://dbpedia.org/resource/Schizophrenic_(JC_Chasez_album)"
"3.0";"50";"http://dbpedia.org/resource/Todd_Smith_(album)"
"4.2";"106";"http://dbpedia.org/resource/Lies_for_the_Liars"
"4.5";"11";"http://dbpedia.org/resource/Exploding_Head"
"3.2";"5";"http://dbpedia.org/resource/Invicta_(album)"
"4.2";"5";"http://dbpedia.org/resource/15_Again"
"4.5";"209";"http://dbpedia.org/resource/Lift_Your_Skinny_Fists_Like_Antennas_to_Heaven"
"3.4";"321";"http://dbpedia.org/resource/The_Sweet_Escape"
"5.0";"8";"http://dbpedia.org/resource/The_Lost_Tapes"
"4.2";"57";"http://dbpedia.org/resource/The_Time_of_Our_Lives_(EP)"
"4.1";"53";"http://dbpedia.org/resource/Scabdates"
"4.6";"415";"http://dbpedia.org/resource/More_Than_You_Think_You_Are"
"4.0";"33";"http://dbpedia.org/resource/The_Discovery_of_a_World_Inside_the_Moone"
"4.4";"26";"http://dbpedia.org/resource/Shwayze_(album)"
"3.8";"125";"http://dbpedia.org/resource/Coming_Back_to_You"
"4.5";"42";"http://dbpedia.org/resource/The_Sellout"
"4.6";"138";"http://dbpedia.org/resource/New_Amerykah_Part_Two_(Return_of_the_Ankh)"
"4.6";"113";"http://dbpedia.org/resource/Blacklisted_(album)"
"4.3";"24";"http://dbpedia.org/resource/A_Chance_to_Cut_Is_a_Chance_to_Cure"
"3.8";"99";"http://dbpedia.org/resource/Before_I_Self_Destruct"
"4.8";"103";"http://dbpedia.org/resource/Twilight_of_the_Thunder_God"
"4.6";"82";"http://dbpedia.org/resource/The_Grind_Date"
"4.4";"498";"http://dbpedia.org/resource/Funeral_(album)"
"4.1";"112";"http://dbpedia.org/resource/The_Pretty_Toney_Album"
"4.5";"2";"http://dbpedia.org/resource/Paul's_Tomb:_A_Triumph"
"4.8";"10";"http://dbpedia.org/resource/Panic_Movement_(album)"
"4.0";"5";"http://dbpedia.org/resource/Pyramid_Electric_Co."
"3.9";"11";"http://dbpedia.org/resource/Leucocyte_(album)"
"4.2";"60";"http://dbpedia.org/resource/Learning_from_Falling"
"4.8";"126";"http://dbpedia.org/resource/Science_&_Faith"
"";"";"http://dbpedia.org/resource/Ire_Works"
"3.1";"300";"http://dbpedia.org/resource/Blood_in_My_Eye"
"3.8";"5";"http://dbpedia.org/resource/You_Can_Feel_Me"
"4.3";"17";"http://dbpedia.org/resource/Haunted_Cities"
"3.5";"103";"http://dbpedia.org/resource/O.N.I.F.C."
"4.7";"277";"http://dbpedia.org/resource/Van_Lear_Rose"
"4.5";"4";"http://dbpedia.org/resource/Morning_Tide"
"3.9";"53";"http://dbpedia.org/resource/Ancient_Melodies_of_the_Future"
"4.2";"253";"http://dbpedia.org/resource/Neon_Bible"
"3.6";"12";"http://dbpedia.org/resource/The_Friends_EP"
"4.5";"35";"http://dbpedia.org/resource/A_Piece_of_What_You_Need"
"3.7";"102";"http://dbpedia.org/resource/Embryonic"
"4.3";"52";"http://dbpedia.org/resource/Strip_Me"
"4.6";"37";"http://dbpedia.org/resource/Blue_Sky_Noise"
"4.0";"76";"http://dbpedia.org/resource/It's_Alive!_(album)"
"4.5";"2";"http://dbpedia.org/resource/The_World_I_Want_to_Leave_Behind"
"4.2";"18";"http://dbpedia.org/resource/Panic_of_Girls"
"3.3";"43";"http://dbpedia.org/resource/Q_Soul_Bossa_Nostra"
"2.9";"61";"http://dbpedia.org/resource/Modulate_(album)"
"4.3";"4";"http://dbpedia.org/resource/We'll_Live_and_Die_in_These_Towns"
"3.9";"177";"http://dbpedia.org/resource/Welcome_Back_(Mase_album)"
"4.8";"34";"http://dbpedia.org/resource/Hold_On_'til_the_Night"
"3.4";"55";"http://dbpedia.org/resource/Slipway_Fires"
"4.4";"10";"http://dbpedia.org/resource/Sagarmatha_(album)"
"3.7";"116";"http://dbpedia.org/resource/Testify_(Phil_Collins_album)"
"4.1";"48";"http://dbpedia.org/resource/The_Remote_Part"
"3.8";"40";"http://dbpedia.org/resource/Trilla"
"4.6";"66";"http://dbpedia.org/resource/Asleep_in_the_Back"
"4.5";"93";"http://dbpedia.org/resource/Up_on_the_Ridge"
"4.5";"311";"http://dbpedia.org/resource/Tenacious_D_(album)"
"4.3";"12";"http://dbpedia.org/resource/Sun,_Sun,_Sun"
"4.4";"10";"http://dbpedia.org/resource/Denies_the_Day's_Demise"
"4.0";"13";"http://dbpedia.org/resource/Juliana's_Pony:_Total_System_Failure"
"4.3";"435";"http://dbpedia.org/resource/Demon_Days"
"4.5";"31";"http://dbpedia.org/resource/Time_for_Annihilation"
"4.0";"43";"http://dbpedia.org/resource/Identified"
"4.1";"8";"http://dbpedia.org/resource/There's_a_Fire"
"4.5";"17";"http://dbpedia.org/resource/A_New_Tide"
"5.0";"1";"http://dbpedia.org/resource/This_Is_a_Fix"
"4.3";"97";"http://dbpedia.org/resource/Unto_the_Locust"
"3.9";"504";"http://dbpedia.org/resource/Take_a_Look_in_the_Mirror"
"4.0";"5";"http://dbpedia.org/resource/Sexor"
"4.2";"557";"http://dbpedia.org/resource/Kisses_on_the_Bottom"
"4.4";"5";"http://dbpedia.org/resource/Recitation_(album)"
"4.1";"11";"http://dbpedia.org/resource/Hitting_the_Ground"
"4.8";"4";"http://dbpedia.org/resource/Warmer_Corners"
"4.5";"4";"http://dbpedia.org/resource/Romance_at_Short_Notice"
"4.1";"15";"http://dbpedia.org/resource/About_a_Boy_(soundtrack)"
"4.5";"8";"http://dbpedia.org/resource/Secrets_Are_Sinister"
"4.0";"4";"http://dbpedia.org/resource/Sixes_&_Sevens"
"4.0";"46";"http://dbpedia.org/resource/Ghetto_Postage"
"4.5";"15";"http://dbpedia.org/resource/Faking_the_Books"
"4.5";"15";"http://dbpedia.org/resource/The_Obliterati"
"3.9";"30";"http://dbpedia.org/resource/Welcome_to_the_Drama_Club"
"4.0";"87";"http://dbpedia.org/resource/Liverpool_8"
"4.5";"48";"http://dbpedia.org/resource/Sweet_and_Wild"
"4.5";"17";"http://dbpedia.org/resource/Shut_Up_I_Am_Dreaming"
"4.5";"169";"http://dbpedia.org/resource/High_Violet"
"4.5";"54";"http://dbpedia.org/resource/Rebelution_(Pitbull_album)"
"4.0";"157";"http://dbpedia.org/resource/Tweekend"
"3.9";"14";"http://dbpedia.org/resource/We_the_Best_Forever"
"4.5";"141";"http://dbpedia.org/resource/Watershed_(Opeth_album)"
"4.4";"85";"http://dbpedia.org/resource/Yanqui_U.X.O."
"4.5";"167";"http://dbpedia.org/resource/The_Ragpicker's_Dream"
"4.0";"1";"http://dbpedia.org/resource/Welcome_to_Goon_Island"
"4.4";"82";"http://dbpedia.org/resource/Apologies_to_the_Queen_Mary"
"4.8";"12";"http://dbpedia.org/resource/Live_from_Dakota"
"4.2";"33";"http://dbpedia.org/resource/The_Great_Destroyer"
"4.2";"20";"http://dbpedia.org/resource/Felt_3:_A_Tribute_to_Rosie_Perez"
"4.5";"39";"http://dbpedia.org/resource/Beat_'Em_Up"
"3.8";"6";"http://dbpedia.org/resource/My_Damnation"
"3.5";"44";"http://dbpedia.org/resource/Last_2_Walk"
"4.3";"219";"http://dbpedia.org/resource/Coexist_(album)"
"3.7";"3";"http://dbpedia.org/resource/The_Loudest_Engine"
"4.4";"17";"http://dbpedia.org/resource/Skyscraper_National_Park"
"4.6";"27";"http://dbpedia.org/resource/The_View_from_the_Bottom"
"5.0";"3";"http://dbpedia.org/resource/55_Cadillac"
"4.4";"16";"http://dbpedia.org/resource/Fall_Be_Kind"
"4.6";"8";"http://dbpedia.org/resource/Because_We_Hate_You"
"4.5";"73";"http://dbpedia.org/resource/Gloriana_(album)"
"4.3";"370";"http://dbpedia.org/resource/Midnite_Vultures"
"4.2";"16";"http://dbpedia.org/resource/Come_to_Life"
"5.0";"9";"http://dbpedia.org/resource/Universal_Audio_(album)"
"4.2";"126";"http://dbpedia.org/resource/Winning_Days"
"4.1";"96";"http://dbpedia.org/resource/Rooty"
"4.3";"12";"http://dbpedia.org/resource/Switzerland_(album)"
"3.8";"102";"http://dbpedia.org/resource/Gold_Cobra"
"4.5";"414";"http://dbpedia.org/resource/Riot!"
"4.4";"59";"http://dbpedia.org/resource/Antifogmatic"
"4.6";"5";"http://dbpedia.org/resource/Sky_at_Night_(album)"
"4.1";"64";"http://dbpedia.org/resource/Sung_Tongs"
"5.0";"4";"http://dbpedia.org/resource/New_Leaves"
"4.8";"15";"http://dbpedia.org/resource/Winter_Hymn_Country_Hymn_Secret_Hymn"
"4.3";"156";"http://dbpedia.org/resource/F.A.M.E._(album)"
"4.3";"3";"http://dbpedia.org/resource/The_Alphabet_of_Hurricanes"
"5.0";"8";"http://dbpedia.org/resource/In_the_Maybe_World"
"4.5";"730";"http://dbpedia.org/resource/Never_Gone"
"5.0";"2";"http://dbpedia.org/resource/Echoes_of_Silence"
"5.0";"3";"http://dbpedia.org/resource/One_Good_Thing"
"4.9";"7";"http://dbpedia.org/resource/Someone_to_Drive_You_Home"
"4.4";"19";"http://dbpedia.org/resource/Microcastle"
"3.9";"15";"http://dbpedia.org/resource/The_Boxing_Mirror"
"4.5";"10";"http://dbpedia.org/resource/Ferrari_Boyz"
"4.6";"16";"http://dbpedia.org/resource/Billy_Talent_III"
"4.6";"5";"http://dbpedia.org/resource/Bright_Ideas"
"4.9";"73";"http://dbpedia.org/resource/The_Bright_Mississippi"
"4.7";"116";"http://dbpedia.org/resource/Vices_&_Virtues"
"4.2";"127";"http://dbpedia.org/resource/Welcome_to_the_Dollhouse_(album)"
"3.3";"118";"http://dbpedia.org/resource/The_Devil's_Rain_(album)"
"4.3";"405";"http://dbpedia.org/resource/America's_Sweetheart_(album)"
"3.5";"2";"http://dbpedia.org/resource/I_Was_Trying_to_Describe_You_to_Someone"
"4.4";"12";"http://dbpedia.org/resource/Public_Strain"
"5.0";"3";"http://dbpedia.org/resource/Life..._The_Best_Game_in_Town"
"4.4";"15";"http://dbpedia.org/resource/Tarot_Sport"
"4.4";"7";"http://dbpedia.org/resource/Home_Sweet_Home_(Kano_album)"
"4.6";"25";"http://dbpedia.org/resource/HoboSapiens"
"4.5";"35";"http://dbpedia.org/resource/Anniemal"
"4.5";"352";"http://dbpedia.org/resource/Ocean_Eyes"
"3.4";"13";"http://dbpedia.org/resource/Outta_Sight/Outta_Mind"
"4.2";"20";"http://dbpedia.org/resource/Wonderful_Rainbow"
"4.5";"26";"http://dbpedia.org/resource/Haha_Sound"
"4.3";"32";"http://dbpedia.org/resource/Screaming_Bloody_Murder"
"";"";"http://dbpedia.org/resource/Winner_Stays_On"
"4.4";"199";"http://dbpedia.org/resource/Madvillainy"
"4.3";"3";"http://dbpedia.org/resource/Tears_of_the_Valedictorian"
"";"";"http://dbpedia.org/resource/No_Hope,_No_Future"
"3.8";"99";"http://dbpedia.org/resource/Daniel_Powter_(album)"
"4.1";"76";"http://dbpedia.org/resource/In_the_Key_of_Disney"
"4.2";"50";"http://dbpedia.org/resource/The_Evening_of_My_Best_Day"
"4.9";"8";"http://dbpedia.org/resource/These_Were_the_Earlies"
"4.0";"28";"http://dbpedia.org/resource/Vulnerable_(Tricky_album)"
"4.3";"73";"http://dbpedia.org/resource/XTRMNTR"
"4.2";"59";"http://dbpedia.org/resource/Party_Rock"
"4.3";"20";"http://dbpedia.org/resource/Golden_Delicious_(album)"
"2.6";"39";"http://dbpedia.org/resource/Disconnection_Notice"
"4.6";"24";"http://dbpedia.org/resource/July_Flame"
"3.7";"383";"http://dbpedia.org/resource/Just_Whitney"
"4.9";"7";"http://dbpedia.org/resource/Bloodless_Coup"
"4.5";"122";"http://dbpedia.org/resource/Praise_&_Blame"
"4.2";"564";"http://dbpedia.org/resource/Turn_on_the_Bright_Lights"
"4.4";"57";"http://dbpedia.org/resource/Beauty_&_Crime"
"4.2";"101";"http://dbpedia.org/resource/Universal_Pulse"
"4.4";"56";"http://dbpedia.org/resource/Bad_as_Me"
"2.4";"104";"http://dbpedia.org/resource/The_Outsider_(DJ_Shadow_album)"
"4.6";"25";"http://dbpedia.org/resource/Visiter"
"2.8";"145";"http://dbpedia.org/resource/Anywhere_I_Lay_My_Head"
"4.3";"131";"http://dbpedia.org/resource/Transcendental_Blues"
"4.1";"64";"http://dbpedia.org/resource/Brighter_Than_Creation's_Dark"
"5.0";"2";"http://dbpedia.org/resource/Reintegration_Time"
"4.0";"41";"http://dbpedia.org/resource/%22Happy%22_in_Galoshes"
"4.6";"11";"http://dbpedia.org/resource/In_Living_Cover"
"2.6";"5";"http://dbpedia.org/resource/Higher_Than_the_Eiffel"
"4.2";"23";"http://dbpedia.org/resource/Tomahawk_Technique"
"4.3";"205";"http://dbpedia.org/resource/Bleed_Like_Me"
"4.1";"256";"http://dbpedia.org/resource/Scissor_Sisters_(album)"
"";"";"http://dbpedia.org/resource/Crown_and_Treaty_(album)"
"4.0";"81";"http://dbpedia.org/resource/Underwater_Sunshine_(Or_What_We_Did_On_Our_Summer_Vacation)"
"4.5";"17";"http://dbpedia.org/resource/Rejoicing_in_the_Hands"
"4.7";"126";"http://dbpedia.org/resource/How_I_Got_Over_(album)"
"";"";"http://dbpedia.org/resource/Freedom_of_Speech_(Speech_Debelle_album)"
"3.9";"651";"http://dbpedia.org/resource/Good_News_for_People_Who_Love_Bad_News"
"4.4";"84";"http://dbpedia.org/resource/Take_It_to_the_Limit_(Hinder_album)"
"4.7";"21";"http://dbpedia.org/resource/Blood_for_the_Master"
"";"";"http://dbpedia.org/resource/Go_Now_and_Live"
"4.0";"81";"http://dbpedia.org/resource/Dear_Science"
"4.7";"49";"http://dbpedia.org/resource/Overpowered"
"4.3";"13";"http://dbpedia.org/resource/The_Besnard_Lakes_Are_the_Dark_Horse"
"4.1";"26";"http://dbpedia.org/resource/Big_Bad_World"
"3.6";"78";"http://dbpedia.org/resource/Until_the_End_(album)"
"3.1";"8";"http://dbpedia.org/resource/Ripe_(album)"
"";"";"http://dbpedia.org/resource/No_Mundane_Options"
"3.3";"121";"http://dbpedia.org/resource/Bunkka"
"4.9";"44";"http://dbpedia.org/resource/Forever_the_Sickest_Kids_(album)"
"3.7";"247";"http://dbpedia.org/resource/The_New_Danger"
"4.5";"194";"http://dbpedia.org/resource/Not_Your_Kind_of_People"
"3.7";"82";"http://dbpedia.org/resource/This_Kind_of_Love"
"4.2";"80";"http://dbpedia.org/resource/Broken_Social_Scene_(album)"
"4.3";"9";"http://dbpedia.org/resource/Polly_Scattergood_(album)"
"4.8";"26";"http://dbpedia.org/resource/Ghostbird"
"3.8";"4";"http://dbpedia.org/resource/Writers_Without_Homes"
"4.7";"15";"http://dbpedia.org/resource/The_Facts_of_Life_(album)"
"4.4";"123";"http://dbpedia.org/resource/Nothing_but_the_Beat"
"4.1";"36";"http://dbpedia.org/resource/Nixon_(album)"
"4.1";"16";"http://dbpedia.org/resource/Paralytic_Stalks"
"3.6";"56";"http://dbpedia.org/resource/Sad_Sappy_Sucker"
"4.6";"5";"http://dbpedia.org/resource/TSOL_(album)"
"3.6";"5";"http://dbpedia.org/resource/Section.80"
"4.6";"9";"http://dbpedia.org/resource/The_Last_Romance"
"3.9";"8";"http://dbpedia.org/resource/New_Brigade"
"4.4";"17";"http://dbpedia.org/resource/Idiology"
"";"";"http://dbpedia.org/resource/The_Coral_(album)"
"";"";"http://dbpedia.org/resource/Ga_Ga_Ga_Ga_Ga"
"4.0";"122";"http://dbpedia.org/resource/Clap_Your_Hands_Say_Yeah_(album)"
"4.7";"18";"http://dbpedia.org/resource/Stankonia"
"4.6";"7";"http://dbpedia.org/resource/Someday_This_Could_All_Be_Yours,_Vol._1"
"4.5";"27";"http://dbpedia.org/resource/The_Adventures_of_Ghosthorse_and_Stillborn"
"4.3";"298";"http://dbpedia.org/resource/Transatlanticism"
"4.8";"47";"http://dbpedia.org/resource/Next_Big_Thing"
"3.7";"198";"http://dbpedia.org/resource/New_Amerykah_Part_One_(4th_World_War)"
"4.1";"50";"http://dbpedia.org/resource/Rokstarr"
"4.1";"210";"http://dbpedia.org/resource/Invincible_Summer"
"4.8";"173";"http://dbpedia.org/resource/This_Is_Country_Music"
"4.5";"59";"http://dbpedia.org/resource/Milk_Cow_Blues"
"4.5";"65";"http://dbpedia.org/resource/Murs_3:16:_The_9th_Edition"
"4.0";"226";"http://dbpedia.org/resource/Jennifer_Hudson_(album)"
"4.6";"34";"http://dbpedia.org/resource/I'll_Sleep_When_You're_Dead"
"4.2";"41";"http://dbpedia.org/resource/The_Sunlandic_Twins"
"3.5";"231";"http://dbpedia.org/resource/Tha_Carter_IV"
"5.0";"4";"http://dbpedia.org/resource/Lost_Wisdom"
"4.6";"76";"http://dbpedia.org/resource/Singing_Bones"
"4.5";"21";"http://dbpedia.org/resource/Daybreak_(Saves_the_Day_album)"
"4.4";"90";"http://dbpedia.org/resource/Pink_Friday:_Roman_Reloaded"
"3.0";"11";"http://dbpedia.org/resource/Time_Changes_Everything"
"2.8";"29";"http://dbpedia.org/resource/Pray_IV_Reign"
"4.3";"226";"http://dbpedia.org/resource/Stories_from_the_City,_Stories_from_the_Sea"
"2.5";"2";"http://dbpedia.org/resource/Dead_Drunk"
"4.7";"158";"http://dbpedia.org/resource/The_Lion's_Roar_(album)"
"4.2";"21";"http://dbpedia.org/resource/Augustana_(album)"
"3.6";"74";"http://dbpedia.org/resource/Fantasy_Ride"
"4.1";"409";"http://dbpedia.org/resource/Under_Rug_Swept"
"";"";"http://dbpedia.org/resource/Seven_Swans"
"4.4";"63";"http://dbpedia.org/resource/Stone_Rollin'"
"4.3";"33";"http://dbpedia.org/resource/Furr"
"4.3";"96";"http://dbpedia.org/resource/We_Shall_Overcome:_The_Seeger_Sessions"
"4.4";"75";"http://dbpedia.org/resource/Set_Yourself_on_Fire"
"4.5";"150";"http://dbpedia.org/resource/Geogaddi"
"4.3";"996";"http://dbpedia.org/resource/Untouchables_(album)"
"3.8";"12";"http://dbpedia.org/resource/Satan's_Circus"
"5.0";"6";"http://dbpedia.org/resource/Gala_Mill"
"";"";"http://dbpedia.org/resource/The_Latest_Fashion"
"4.3";"16";"http://dbpedia.org/resource/Night_Shades"
"3.1";"100";"http://dbpedia.org/resource/Hefty_Fine"
"3.4";"213";"http://dbpedia.org/resource/Concrete_Rose"
"4.1";"168";"http://dbpedia.org/resource/The_Path_of_Totality"
"4.7";"26";"http://dbpedia.org/resource/Secret_South"
"3.0";"17";"http://dbpedia.org/resource/Let's_Just_Be"
"4.6";"7";"http://dbpedia.org/resource/Earthly_Delights_(album)"
"5.0";"17";"http://dbpedia.org/resource/Sometimes_I_Wish_We_Were_an_Eagle"
"4.1";"103";"http://dbpedia.org/resource/Commencement_(album)"
"4.7";"46";"http://dbpedia.org/resource/604_(album)"
"4.3";"4";"http://dbpedia.org/resource/Dr._No's_Ethiopium"
"4.3";"78";"http://dbpedia.org/resource/The_Ecstatic"
"4.1";"144";"http://dbpedia.org/resource/Think_Tank_(Blur_album)"
"4.1";"382";"http://dbpedia.org/resource/Extraordinary_Machine"
"4.4";"57";"http://dbpedia.org/resource/Sharpen_Your_Teeth"
"3.5";"20";"http://dbpedia.org/resource/Free_Somehow"
"3.5";"67";"http://dbpedia.org/resource/Rotten_Apple_(album)"
"4.9";"9";"http://dbpedia.org/resource/Elk-Lake_Serenade"
"3.8";"12";"http://dbpedia.org/resource/Fist_of_God"
"4.1";"36";"http://dbpedia.org/resource/SuperHeavy_(album)"
"4.1";"222";"http://dbpedia.org/resource/Mr._A%E2%80%93Z"
"4.6";"26";"http://dbpedia.org/resource/Life_Cycles_(album)"
"4.6";"67";"http://dbpedia.org/resource/Torture_(album)"
"4.6";"156";"http://dbpedia.org/resource/American_VI:_Ain't_No_Grave"
"4.3";"";"http://dbpedia.org/resource/Confessions_on_a_Dance_Floor"
"3.9";"162";"http://dbpedia.org/resource/A_Grand_Don't_Come_for_Free"
"4.1";"73";"http://dbpedia.org/resource/Jasper_County_(album)"
"4.2";"164";"http://dbpedia.org/resource/Everything_to_Everyone"
"4.5";"30";"http://dbpedia.org/resource/Lessons_in_Love_(Lloyd_album)"
"4.6";"30";"http://dbpedia.org/resource/Life_in_a_Beautiful_Light"
"4.2";"38";"http://dbpedia.org/resource/I_Am_Not_Afraid_of_You_and_I_Will_Beat_Your_Ass"
"4.2";"13";"http://dbpedia.org/resource/Can_Our_Love..."
"3.5";"60";"http://dbpedia.org/resource/Love,_Shelby"
"4.1";"143";"http://dbpedia.org/resource/Sorry_for_Party_Rocking"
"4.6";"158";"http://dbpedia.org/resource/Wild_Ones_(album)"
"4.4";"24";"http://dbpedia.org/resource/Space_Is_Only_Noise"
"4.5";"109";"http://dbpedia.org/resource/ObZen"
"3.7";"37";"http://dbpedia.org/resource/Trinity_(Past,_Present_and_Future)"
"3.9";"25";"http://dbpedia.org/resource/Threes_(album)"
"4.2";"28";"http://dbpedia.org/resource/1372_Overton_Park"
"";"";"http://dbpedia.org/resource/Come_to_Where_I'm_From"
"3.9";"139";"http://dbpedia.org/resource/Legion_of_Boom"
"4.3";"209";"http://dbpedia.org/resource/The_Lonely_Position_of_Neutral"
"3.7";"12";"http://dbpedia.org/resource/Dark_Days/Light_Years"
"";"";"http://dbpedia.org/resource/Eyes_&_Nines"
"4.6";"58";"http://dbpedia.org/resource/Leave_It_All_Behind_(album)"
"4.6";"79";"http://dbpedia.org/resource/Abattoir_Blues/The_Lyre_of_Orpheus"
"3.9";"37";"http://dbpedia.org/resource/31_Minutes_to_Takeoff"
"3.9";"41";"http://dbpedia.org/resource/Silence_Is_Easy"
"4.0";"75";"http://dbpedia.org/resource/MGMT_(album)"
"3.9";"265";"http://dbpedia.org/resource/Shaman_(album)"
"4.2";"82";"http://dbpedia.org/resource/Storm_Corrosion_(album)"
"";"";"http://dbpedia.org/resource/A_French_Kiss_in_the_Chaos"
"4.4";"36";"http://dbpedia.org/resource/At_My_Age"
"4.6";"47";"http://dbpedia.org/resource/Something_to_Die_For"
"4.3";"135";"http://dbpedia.org/resource/Source_Tags_&_Codes"
"4.5";"305";"http://dbpedia.org/resource/Mandy_Moore_(album)"
"4.1";"200";"http://dbpedia.org/resource/Original_Pirate_Material"
"3.8";"99";"http://dbpedia.org/resource/T.I._vs._T.I.P."
"4.7";"182";"http://dbpedia.org/resource/Clancy's_Tavern"
"4.3";"33";"http://dbpedia.org/resource/Wild_Flag_(album)"
"4.0";"15";"http://dbpedia.org/resource/Pull_the_Pin"
"4.6";"118";"http://dbpedia.org/resource/Lucky_Old_Sun"
"4.5";"66";"http://dbpedia.org/resource/Banga_(album)"
"4.4";"19";"http://dbpedia.org/resource/Copia_(album)"
"4.1";"260";"http://dbpedia.org/resource/Laws_of_Illusion"
"4.1";"849";"http://dbpedia.org/resource/Speakerboxxx/The_Love_Below"
"";"";"http://dbpedia.org/resource/2000_Years_of_Human_Error"
"4.0";"8";"http://dbpedia.org/resource/Autumn,_Again"
"4.4";"47";"http://dbpedia.org/resource/Bitchin'"
"4.7";"6";"http://dbpedia.org/resource/Less_Than_Human_(album)"
"4.8";"26";"http://dbpedia.org/resource/Cats_&_Dogs_(Evidence_album)"
"4.1";"96";"http://dbpedia.org/resource/Yellow_&_Green_(Baroness_album)"
"4.7";"190";"http://dbpedia.org/resource/Testimony:_Vol._1,_Life_&_Relationship"
"4.8";"18";"http://dbpedia.org/resource/Sometimes_the_Blues_Is_Just_a_Passing_Bird"
"5.0";"4";"http://dbpedia.org/resource/Ice_Cream_Spiritual"
"4.3";"8";"http://dbpedia.org/resource/Game_Tested,_Streets_Approved"
"5.0";"5";"http://dbpedia.org/resource/This_Is_Our_Science"
"4.2";"76";"http://dbpedia.org/resource/These_Are_the_Vistas"
"4.8";"9";"http://dbpedia.org/resource/Flashmob_(album)"
"4.7";"3";"http://dbpedia.org/resource/Hey_Hey_My_My_Yo_Yo"
"4.1";"40";"http://dbpedia.org/resource/Second_Round's_on_Me"
"4.2";"14";"http://dbpedia.org/resource/Solarized"
"4.2";"278";"http://dbpedia.org/resource/Icky_Thump"
"4.1";"14";"http://dbpedia.org/resource/Avatar_(Comets_on_Fire_album)"
"4.0";"81";"http://dbpedia.org/resource/Como_Ama_una_Mujer"
"4.8";"12";"http://dbpedia.org/resource/Systems/Layers"
"";"";"http://dbpedia.org/resource/Jewellery_Quarter_(album)"
"5.0";"4";"http://dbpedia.org/resource/Laulu_Laakson_Kukista"
"4.3";"93";"http://dbpedia.org/resource/You_Are_Free"
"";"";"http://dbpedia.org/resource/Music_of_the_Spheres_(Ian_Brown_album)"
"4.0";"105";"http://dbpedia.org/resource/The_Sea_of_Memories"
"4.7";"22";"http://dbpedia.org/resource/Everyday_Demons"
"4.6";"5";"http://dbpedia.org/resource/Dead_Cities,_Red_Seas_&_Lost_Ghosts"
"2.6";"73";"http://dbpedia.org/resource/Best_Night_of_My_Life"
"4.3";"45";"http://dbpedia.org/resource/Godspeed_on_the_Devil's_Thunder"
"3.9";"24";"http://dbpedia.org/resource/Let's_Bottle_Bohemia"
"4.6";"20";"http://dbpedia.org/resource/Year_of_Meteors"
"4.1";"277";"http://dbpedia.org/resource/Whatever_People_Say_I_Am,_That's_What_I'm_Not"
"4.5";"25";"http://dbpedia.org/resource/Ariels"
"4.5";"6";"http://dbpedia.org/resource/Infiniheart"
"5.0";"1";"http://dbpedia.org/resource/The_Fabled_City"
"4.3";"15";"http://dbpedia.org/resource/Bootleg_Detroit"
"4.5";"4";"http://dbpedia.org/resource/Wind's_Poem"
"4.6";"5";"http://dbpedia.org/resource/Candylion"
"4.1";"15";"http://dbpedia.org/resource/The_Smell_of_Our_Own"
"4.0";"7";"http://dbpedia.org/resource/Grrr..."
"2.0";"246";"http://dbpedia.org/resource/Playing_with_Fire_(Kevin_Federline_album)"
"4.2";"29";"http://dbpedia.org/resource/Father,_Son,_Holy_Ghost_(album)"
"4.4";"7";"http://dbpedia.org/resource/This_Is_My_Demo"
"4.4";"336";"http://dbpedia.org/resource/Drops_of_Jupiter"
"4.8";"53";"http://dbpedia.org/resource/The_Sunset_Tree"
"4.1";"69";"http://dbpedia.org/resource/Blue_Slide_Park"
"4.7";"173";"http://dbpedia.org/resource/Dirt_Farmer"
"4.4";"71";"http://dbpedia.org/resource/The_Powerless_Rise"
"4.2";"197";"http://dbpedia.org/resource/Soulbook"
"4.4";"8";"http://dbpedia.org/resource/Fear_Yourself"
"4.4";"117";"http://dbpedia.org/resource/Boxer_(album)"
"4.0";"25";"http://dbpedia.org/resource/3_Words"
"3.9";"94";"http://dbpedia.org/resource/Release_Therapy"
"4.7";"39";"http://dbpedia.org/resource/Staind_(album)"
"4.8";"16";"http://dbpedia.org/resource/L'Enfant_Sauvage_(album)"
"4.3";"68";"http://dbpedia.org/resource/Motown:_A_Journey_Through_Hitsville_USA"
"3.6";"26";"http://dbpedia.org/resource/Keys_to_the_World"
"4.3";"195";"http://dbpedia.org/resource/Flavors_of_Entanglement"
"3.8";"219";"http://dbpedia.org/resource/Grand_Champ"
"4.5";"44";"http://dbpedia.org/resource/Death_Is_This_Communion"
"3.9";"24";"http://dbpedia.org/resource/The_Crying_Light"
"3.6";"135";"http://dbpedia.org/resource/Rule_3:36"
"4.6";"63";"http://dbpedia.org/resource/Minimum-Maximum"
"4.2";"74";"http://dbpedia.org/resource/Wikked_Lil'_Grrrls"
"4.4";"40";"http://dbpedia.org/resource/Halcyon_Digest"
"4.5";"53";"http://dbpedia.org/resource/Blue_Record"
"4.6";"75";"http://dbpedia.org/resource/Ghosts_of_the_Great_Highway"
"4.0";"148";"http://dbpedia.org/resource/Can't_Be_Tamed"
"4.9";"7";"http://dbpedia.org/resource/Here's_the_Tender_Coming"
"3.9";"38";"http://dbpedia.org/resource/Exit_13"
"4.1";"42";"http://dbpedia.org/resource/Rounds_(album)"
"4.6";"162";"http://dbpedia.org/resource/The_Earth_Is_Not_a_Cold_Dead_Place"
"4.7";"3";"http://dbpedia.org/resource/Regard_the_End"
"4.1";"122";"http://dbpedia.org/resource/Half_the_Perfect_World"
"4.0";"";"http://dbpedia.org/resource/American_Idiot"
"3.9";"34";"http://dbpedia.org/resource/Cardiology_(album)"
"3.3";"7";"http://dbpedia.org/resource/Land_Air_Sea"
"3.4";"73";"http://dbpedia.org/resource/Size_Matters"
"4.0";"70";"http://dbpedia.org/resource/Kish_Kash"
"4.7";"72";"http://dbpedia.org/resource/100_Proof_(album)"
"4.6";"27";"http://dbpedia.org/resource/Forever_Abomination"
"4.3";"7";"http://dbpedia.org/resource/Sing_Along_to_Songs_You_Don't_Know"
"4.5";"493";"http://dbpedia.org/resource/Overexposed_(album)"
"4.7";"233";"http://dbpedia.org/resource/American_V:_A_Hundred_Highways"
"4.1";"";"http://dbpedia.org/resource/Damita_Jo_(album)"
"4.7";"62";"http://dbpedia.org/resource/Ramble_at_the_Ryman"
"4.7";"23";"http://dbpedia.org/resource/Harmonicraft"
"4.7";"3";"http://dbpedia.org/resource/Generation_Freakshow_(album)"
"4.0";"377";"http://dbpedia.org/resource/Body_Language_Live"
"5.0";"10";"http://dbpedia.org/resource/Lookaftering"
"4.0";"156";"http://dbpedia.org/resource/Karmacode"
"3.9";"113";"http://dbpedia.org/resource/A_Funk_Odyssey"
"4.3";"19";"http://dbpedia.org/resource/What_Is_Love%3F_(album)"
"3.4";"11";"http://dbpedia.org/resource/Happiness_Ltd."
"4.5";"12";"http://dbpedia.org/resource/We,_the_Vehicles"
"4.5";"38";"http://dbpedia.org/resource/The_Drift"
"4.7";"99";"http://dbpedia.org/resource/Keep_It_Hid"
"4.2";"9";"http://dbpedia.org/resource/Help_Wanted_Nights"
"4.2";"264";"http://dbpedia.org/resource/The_New_Classic"
"4.5";"";"http://dbpedia.org/resource/Sing_the_Sorrow"
"4.4";"50";"http://dbpedia.org/resource/Actor_(album)"
"4.2";"13";"http://dbpedia.org/resource/Who_Killed_Sgt._Pepper%3F"
"4.4";"21";"http://dbpedia.org/resource/Vehicles_&_Animals"
"5.0";"2";"http://dbpedia.org/resource/The_Impossible_Song_&_Other_Songs"
"3.2";"627";"http://dbpedia.org/resource/Beg_for_Mercy"
"4.5";"89";"http://dbpedia.org/resource/Electric_Version"
"4.8";"14";"http://dbpedia.org/resource/Me_First_(album)"
"3.1";"33";"http://dbpedia.org/resource/Reggie_(album)"
"4.0";"199";"http://dbpedia.org/resource/Splinter_(The_Offspring_album)"
"4.1";"114";"http://dbpedia.org/resource/Havoc_and_Bright_Lights"
"4.3";"7";"http://dbpedia.org/resource/We_Are_Beautiful,_We_Are_Doomed"
"3.9";"69";"http://dbpedia.org/resource/Ghost_to_a_Ghost/Gutter_Town"
"4.9";"7";"http://dbpedia.org/resource/Pattern+Grid_World"
"4.3";"59";"http://dbpedia.org/resource/Gulag_Orkestar"
"4.3";"86";"http://dbpedia.org/resource/Let_England_Shake"
"4.5";"80";"http://dbpedia.org/resource/Emotional_Traffic"
"4.6";"157";"http://dbpedia.org/resource/Rubber_Factory"
"4.5";"314";"http://dbpedia.org/resource/Chutes_Too_Narrow"
"4.7";"15";"http://dbpedia.org/resource/Purple_Naked_Ladies"
"4.5";"34";"http://dbpedia.org/resource/Out_of_Ashes"
"4.5";"63";"http://dbpedia.org/resource/Don't_Give_Up_on_Me"
"4.3";"61";"http://dbpedia.org/resource/Odd_Soul"
"4.0";"62";"http://dbpedia.org/resource/Malpractice_(Redman_album)"
"3.5";"11";"http://dbpedia.org/resource/Booming_Back_at_You"
"4.6";"49";"http://dbpedia.org/resource/The_Animal_Years"
"4.4";"32";"http://dbpedia.org/resource/Swing_Lo_Magellan"
"3.7";"138";"http://dbpedia.org/resource/Always_Outnumbered,_Never_Outgunned"
"4.4";"161";"http://dbpedia.org/resource/Silent_Alarm"
"4.5";"42";"http://dbpedia.org/resource/Calling_the_World"
"4.4";"23";"http://dbpedia.org/resource/Greatest_Hits:_The_Evidence"
"4.6";"50";"http://dbpedia.org/resource/All_at_Once_(album)"
"4.3";"307";"http://dbpedia.org/resource/A_Dramatic_Turn_of_Events"
"5.0";"2";"http://dbpedia.org/resource/Falcon_(album)"
"3.8";"46";"http://dbpedia.org/resource/All_Is_Dream"
"4.5";"11";"http://dbpedia.org/resource/The_Besnard_Lakes_Are_the_Roaring_Night"
"4.7";"3";"http://dbpedia.org/resource/Enemies_Like_This"
"5.0";"2";"http://dbpedia.org/resource/All_of_a_Sudden_I_Miss_Everyone"
"4.5";"20";"http://dbpedia.org/resource/Andorra_(album)"
"4.1";"8";"http://dbpedia.org/resource/All_the_Plans"
"3.7";"106";"http://dbpedia.org/resource/Time_the_Conqueror"
"3.7";"6";"http://dbpedia.org/resource/Love_Remains"
"3.6";"39";"http://dbpedia.org/resource/Asleep_in_the_Bread_Aisle"
"4.7";"116";"http://dbpedia.org/resource/Children_Running_Through"
"4.2";"102";"http://dbpedia.org/resource/Laugh_Now,_Cry_Later"
"3.0";"211";"http://dbpedia.org/resource/Curtis_(50_Cent_album)"
"4.4";"13";"http://dbpedia.org/resource/The_Violet_Hour_(album)"
"4.7";"11";"http://dbpedia.org/resource/S.T.R.E.E.T._D.A.D."
"4.9";"7";"http://dbpedia.org/resource/Fits_(album)"
"3.8";"27";"http://dbpedia.org/resource/Music_for_Cougars"
"4.6";"47";"http://dbpedia.org/resource/The_Noise_Made_by_People"
"4.0";"8";"http://dbpedia.org/resource/22-20s_(album)"
"4.1";"42";"http://dbpedia.org/resource/Language._Sex._Violence._Other%3F"
"4.6";"7";"http://dbpedia.org/resource/Live_from_Rome"
"3.6";"345";"http://dbpedia.org/resource/Tha_Carter_III"
"3.7";"7";"http://dbpedia.org/resource/Strawberry_Weed"
"3.8";"12";"http://dbpedia.org/resource/Quarantine_the_Past:_The_Best_of_Pavement"
"4.4";"40";"http://dbpedia.org/resource/Robyn_(album)"
"4.5";"6";"http://dbpedia.org/resource/Sex_Dreams_and_Denim_Jeans"
"4.7";"69";"http://dbpedia.org/resource/Supermodified_(album)"
"4.3";"22";"http://dbpedia.org/resource/Keep_Calm_and_Carry_On_(album)"
"4.5";"52";"http://dbpedia.org/resource/Whokill"
"4.6";"21";"http://dbpedia.org/resource/Imperial_Blaze"
"4.9";"14";"http://dbpedia.org/resource/OK_Cowboy"
"4.1";"26";"http://dbpedia.org/resource/Chosen_Lords"
"";"";"http://dbpedia.org/resource/A_Hyperactive_Workout_for_the_Flying_Squad"
"3.9";"236";"http://dbpedia.org/resource/The_Incredible_Machine_(album)"
"4.0";"16";"http://dbpedia.org/resource/Love,_Hate_and_Then_There's_You"
"4.0";"96";"http://dbpedia.org/resource/Confield"
"4.2";"44";"http://dbpedia.org/resource/Cast_of_Thousands"
"4.0";"33";"http://dbpedia.org/resource/Here_We_Stand_(The_Fratellis_album)"
"5.0";"8";"http://dbpedia.org/resource/A_Lifetime_of_Temporary_Relief:_10_Years_of_B-Sides_and_Rarities"
"3.9";"52";"http://dbpedia.org/resource/New_Earth_Mud"
"4.8";"128";"http://dbpedia.org/resource/Little_Sparrow"
"";"";"http://dbpedia.org/resource/Dressy_Bessy_(album)"
"4.7";"151";"http://dbpedia.org/resource/Give_Up_the_Ghost_(album)"
"4.0";"44";"http://dbpedia.org/resource/Feast_of_Wire"
"4.5";"266";"http://dbpedia.org/resource/Old_Ideas"
"4.9";"52";"http://dbpedia.org/resource/The_Block_(album)"
"3.9";"139";"http://dbpedia.org/resource/Like_Red_on_a_Rose"
"4.8";"110";"http://dbpedia.org/resource/The_Renaissance_(Q-Tip_album)"
"4.1";"7";"http://dbpedia.org/resource/Casino_Twilight_Dogs"
"";"";"http://dbpedia.org/resource/Illinois_(album)"
"4.6";"9";"http://dbpedia.org/resource/Run_to_Ruin"
"4.0";"45";"http://dbpedia.org/resource/Yours_Truly,_Angry_Mob"
"4.0";"1";"http://dbpedia.org/resource/Cat's_Eyes_(album)"
"5.0";"3";"http://dbpedia.org/resource/Fly_Yellow_Moon"
"4.5";"31";"http://dbpedia.org/resource/Burst_Apart"
"4.6";"7";"http://dbpedia.org/resource/The_Angels_of_Light_Sing_'Other_People'"
"4.2";"5";"http://dbpedia.org/resource/In_Rape_Fantasy_and_Terror_Sex_We_Trust"
"4.8";"85";"http://dbpedia.org/resource/Body_Talk_Pt._1"
"4.2";"46";"http://dbpedia.org/resource/Stay_Positive_(album)"
"4.2";"";"http://dbpedia.org/resource/Hail_to_the_Thief"
"4.4";"31";"http://dbpedia.org/resource/Pause_(album)"
"4.3";"72";"http://dbpedia.org/resource/Murray_Street_(album)"
"4.5";"11";"http://dbpedia.org/resource/Dangerous_Magical_Noise"
"4.5";"42";"http://dbpedia.org/resource/The_Glass_Passenger"
"3.6";"13";"http://dbpedia.org/resource/The_Bright_Lights_of_America"
"3.4";"100";"http://dbpedia.org/resource/Pieces_in_a_Modern_Style"
"3.2";"98";"http://dbpedia.org/resource/Endlessly_(album)"
"4.6";"8";"http://dbpedia.org/resource/Offend_Maggie"
"4.5";"33";"http://dbpedia.org/resource/Ya_Know%3F"
"4.0";"4";"http://dbpedia.org/resource/In_and_Out_of_Youth_and_Lightness"
"4.7";"20";"http://dbpedia.org/resource/On_the_Impossible_Past"
"4.2";"37";"http://dbpedia.org/resource/Custom_Built_(album)"
"3.6";"5";"http://dbpedia.org/resource/The_Shadow_of_an_Empire"
"4.2";"75";"http://dbpedia.org/resource/Treats_(album)"
"4.4";"314";"http://dbpedia.org/resource/The_Suburbs_(album)"
"4.2";"632";"http://dbpedia.org/resource/Yankee_Hotel_Foxtrot"
"3.9";"23";"http://dbpedia.org/resource/Live_at_the_Aragon"
"4.4";"51";"http://dbpedia.org/resource/Paper_Walls"
"4.3";"83";"http://dbpedia.org/resource/Blinking_Lights_and_Other_Revelations"
"3.9";"435";"http://dbpedia.org/resource/Get_Behind_Me_Satan"
"4.7";"52";"http://dbpedia.org/resource/7th_Symphony_(album)"
"3.5";"33";"http://dbpedia.org/resource/Death_to_False_Metal"
"4.0";"453";"http://dbpedia.org/resource/It_Had_to_Be_You:_The_Great_American_Songbook"
"4.4";"74";"http://dbpedia.org/resource/Love_Is_Dead_(Kerli_album)"
"4.1";"71";"http://dbpedia.org/resource/Lines,_Vines_and_Trying_Times"
"3.4";"9";"http://dbpedia.org/resource/Monday_at_the_Hug_&_Pint"
"4.5";"100";"http://dbpedia.org/resource/Blood_Money_(Tom_Waits_album)"
"4.4";"8";"http://dbpedia.org/resource/A_Stranger_Here"
"";"";"http://dbpedia.org/resource/Gimme_Fiction"
"3.6";"394";"http://dbpedia.org/resource/J.Lo_(album)"
"4.5";"57";"http://dbpedia.org/resource/Crossing_the_Rubicon_(The_Sounds_album)"
"3.8";"48";"http://dbpedia.org/resource/Survival_of_the_Sickest_(album)"
"4.2";"153";"http://dbpedia.org/resource/Because_of_the_Times"
