"URI";"discogs_have";"discogs_want"
"http://dbpedia.org/resource/The_Friends_EP";"707";"287"
"http://dbpedia.org/resource/Stade_2";"596";"372"
"http://dbpedia.org/resource/Harps_and_Angels";"238";"22"
"http://dbpedia.org/resource/The_Weirdness";"1185";"160"
"http://dbpedia.org/resource/Mic_Tyson";"756";"648"
"http://dbpedia.org/resource/Wake_Up_and_Smell_the_Coffee";"843";"239"
"http://dbpedia.org/resource/So_Beautiful_or_So_What";"978";"137"
"http://dbpedia.org/resource/Live_at_Reading";"4975";"1959"
"http://dbpedia.org/resource/The_Sophtware_Slump";"3827";"1248"
"http://dbpedia.org/resource/The_Town_and_the_City_(album)";"124";"18"
"http://dbpedia.org/resource/Paul's_Tomb:_A_Triumph";"258";"56"
"http://dbpedia.org/resource/The_Grind_Date";"2322";"1117"
"http://dbpedia.org/resource/IRM_(album)";"2011";"712"
"http://dbpedia.org/resource/The_Outsider_(DJ_Shadow_album)";"2656";"1646"
"http://dbpedia.org/resource/In_Case_You_Didn't_Know";"134";"14"
"http://dbpedia.org/resource/War_Stories_(album)";"3576";"1818"
"http://dbpedia.org/resource/Bittersweet_World";"136";"12"
"http://dbpedia.org/resource/Ya_Know%3F";"1087";"283"
"http://dbpedia.org/resource/The_Dangermen_Sessions_Vol._1";"8";"1"
"http://dbpedia.org/resource/Only_by_the_Night";"6817";"2400"
"http://dbpedia.org/resource/American_Idiot";"5441";"1938"
"http://dbpedia.org/resource/Imperial_Wax_Solvent";"782";"470"
"http://dbpedia.org/resource/Conspiracy_of_One";"2657";"1629"
"http://dbpedia.org/resource/The_Drug_in_Me_Is_You";"120";"24"
"http://dbpedia.org/resource/Offend_Maggie";"1252";"386"
"http://dbpedia.org/resource/Learning_from_Falling";"73";"8"
"http://dbpedia.org/resource/Now,_More_Than_Ever";"144";"52"
"http://dbpedia.org/resource/All_the_Plans";"212";"44"
"http://dbpedia.org/resource/Sleep_Through_the_Static";"1644";"432"
"http://dbpedia.org/resource/Take_It_to_the_Limit_(Hinder_album)";"156";"54"
"http://dbpedia.org/resource/Your_Future_Our_Clutter";"1560";"378"
"http://dbpedia.org/resource/Love_Travels_at_Illegal_Speeds";"598";"220"
"http://dbpedia.org/resource/Earth_vs._The_Pipettes";"184";"48"
"http://dbpedia.org/resource/In_the_Maybe_World";"232";"54"
"http://dbpedia.org/resource/Break_the_Cycle";"1687";"155"
"http://dbpedia.org/resource/Neon_Golden";"5388";"1568"
"http://dbpedia.org/resource/BLACKsummers'night";"460";"290"
"http://dbpedia.org/resource/White_Silence";"866";"510"
"http://dbpedia.org/resource/Watershed_(Opeth_album)";"6184";"1934"
"http://dbpedia.org/resource/Survival_of_the_Sickest_(album)";"96";"2"
"http://dbpedia.org/resource/Wild_Flag_(album)";"2004";"306"
"http://dbpedia.org/resource/Pushing_the_Senses";"928";"207"
"http://dbpedia.org/resource/No_Mundane_Options";"12";"2"
"http://dbpedia.org/resource/Townes_(album)";"1198";"182"
"http://dbpedia.org/resource/A_French_Kiss_in_the_Chaos";"134";"18"
"http://dbpedia.org/resource/Dr._No's_Ethiopium";"604";"408"
"http://dbpedia.org/resource/Blood_in_My_Eye";"348";"32"
"http://dbpedia.org/resource/An_Empty_Bliss_Beyond_This_World";"1272";"3892"
"http://dbpedia.org/resource/LCD_Soundsystem_(album)";"12039";"5783"
"http://dbpedia.org/resource/The_Color_Spectrum";"727";"1234"
"http://dbpedia.org/resource/Foundling_(album)";"194";"48"
"http://dbpedia.org/resource/Live_Like_You_Were_Dying";"50";"0"
"http://dbpedia.org/resource/You're_a_Woman,_I'm_a_Machine";"5475";"5233"
"http://dbpedia.org/resource/Time_Changes_Everything";"212";"64"
"http://dbpedia.org/resource/The_Time_of_the_Assassins";"116";"36"
"http://dbpedia.org/resource/Machine_(EP)";"0";"0"
"http://dbpedia.org/resource/Thecontrollersphere";"234";"32"
"http://dbpedia.org/resource/Strength_in_Numbers_(Calla_album)";"290";"42"
"http://dbpedia.org/resource/1991_(EP)";"22";"13"
"http://dbpedia.org/resource/Cat's_Eyes_(album)";"560";"306"
"http://dbpedia.org/resource/The_Power_of_Negative_Thinking:_B-Sides_&_Rarities";"472";"216"
"http://dbpedia.org/resource/The_Verge_(album)";"4";"1"
"http://dbpedia.org/resource/Haywire_(Josh_Turner_album)";"16";"4"
"http://dbpedia.org/resource/Only_One_Flo_(Part_1)";"0";"0"
"http://dbpedia.org/resource/The_Earth_Is_Not_a_Cold_Dead_Place";"10670";"3772"
"http://dbpedia.org/resource/Escapology_(album)";"1917";"435"
"http://dbpedia.org/resource/Something_to_Die_For";"396";"146"
"http://dbpedia.org/resource/Dusk_and_Summer";"290";"90"
"http://dbpedia.org/resource/Sugar_Mountain_%E2%80%93_Live_at_Canterbury_House_1968";"1793";"548"
"http://dbpedia.org/resource/Monkey_Business_(album)";"0";"0"
"http://dbpedia.org/resource/It_Still_Moves";"3467";"1048"
"http://dbpedia.org/resource/The_Facts_of_Life_(album)";"906";"142"
"http://dbpedia.org/resource/Nine_Types_of_Light";"3048";"580"
"http://dbpedia.org/resource/From_a_Basement_on_the_Hill";"4785";"1507"
"http://dbpedia.org/resource/Here's_the_Tender_Coming";"180";"34"
"http://dbpedia.org/resource/The_Intercontinentals";"192";"20"
"http://dbpedia.org/resource/No_Said_Date";"1045";"350"
"http://dbpedia.org/resource/Sing_Along_to_Songs_You_Don't_Know";"734";"362"
"http://dbpedia.org/resource/The_Noise_Made_by_People";"4780";"2604"
"http://dbpedia.org/resource/The_Lonely_Position_of_Neutral";"151";"30"
"http://dbpedia.org/resource/Y_Not";"258";"60"
"http://dbpedia.org/resource/Embryonic";"5344";"1741"
"http://dbpedia.org/resource/The_Sweet_Escape";"1459";"464"
"http://dbpedia.org/resource/The_Wanted_(EP)";"1";"0"
"http://dbpedia.org/resource/Charmbracelet";"842";"497"
"http://dbpedia.org/resource/Solarized";"642";"70"
"http://dbpedia.org/resource/Get_Behind_Me_Satan";"10044";"6658"
"http://dbpedia.org/resource/Smoke_Ring_for_My_Halo";"5058";"1268"
"http://dbpedia.org/resource/Reanimation";"2869";"2144"
"http://dbpedia.org/resource/Big_Dreams_&_High_Hopes";"0";"0"
"http://dbpedia.org/resource/Suite_420";"0";"0"
"http://dbpedia.org/resource/Back_to_Black";"17834";"9801"
"http://dbpedia.org/resource/Blood_Money_(Tom_Waits_album)";"5536";"1554"
"http://dbpedia.org/resource/Love_the_Future";"88";"22"
"http://dbpedia.org/resource/Reintegration_Time";"114";"22"
"http://dbpedia.org/resource/Light_After_Dark";"132";"20"
"http://dbpedia.org/resource/The_Road_and_the_Radio";"70";"4"
"http://dbpedia.org/resource/Lost_in_the_Sound_of_Separation";"1186";"1198"
"http://dbpedia.org/resource/Outta_Sight/Outta_Mind";"654";"191"
"http://dbpedia.org/resource/Intimacy:_Album_III";"0";"0"
"http://dbpedia.org/resource/Comicopera";"1413";"328"
"http://dbpedia.org/resource/Rise_and_Fall,_Rage_and_Grace";"1039";"658"
"http://dbpedia.org/resource/Leave_This_Town";"180";"38"
"http://dbpedia.org/resource/Lost_and_Found_(Mudvayne_album)";"735";"142"
"http://dbpedia.org/resource/Street's_Disciple";"1906";"525"
"http://dbpedia.org/resource/Cats_&_Dogs_(Evidence_album)";"1450";"580"
"http://dbpedia.org/resource/Apocalyptic_Love";"1237";"340"
"http://dbpedia.org/resource/Earthly_Delights_(album)";"1212";"586"
"http://dbpedia.org/resource/One_Day_as_a_Lion_(EP)";"0";"0"
"http://dbpedia.org/resource/Just_Us_Kids";"78";"8"
"http://dbpedia.org/resource/Pull_Up_Some_Dust_and_Sit_Down";"360";"72"
"http://dbpedia.org/resource/Ghosts_of_the_Great_Highway";"1604";"2158"
"http://dbpedia.org/resource/One_Soul_Now";"214";"10"
"http://dbpedia.org/resource/You_Forgot_It_in_People";"4672";"2344"
"http://dbpedia.org/resource/These_Are_the_Good_Times_People";"148";"60"
"http://dbpedia.org/resource/Wonderful_Rainbow";"2386";"1702"
"http://dbpedia.org/resource/Blood_for_the_Master";"756";"302"
"http://dbpedia.org/resource/A_Place_to_Bury_Strangers_(album)";"2981";"1816"
"http://dbpedia.org/resource/The_Craft_(album)";"1386";"518"
"http://dbpedia.org/resource/Whatever_People_Say_I_Am,_That's_What_I'm_Not";"14539";"7999"
"http://dbpedia.org/resource/A_Lifetime_of_Temporary_Relief:_10_Years_of_B-Sides_and_Rarities";"1096";"194"
"http://dbpedia.org/resource/The_Lateness_of_the_Hour_(album)";"236";"52"
"http://dbpedia.org/resource/The_Rebirth_of_Venus";"30";"0"
"http://dbpedia.org/resource/Marshall's_House";"77";"44"
"http://dbpedia.org/resource/Bay_of_Pigs_(EP)";"0";"0"
"http://dbpedia.org/resource/Destroy_Rock_&_Roll";"4130";"1568"
"http://dbpedia.org/resource/Love_on_the_Inside";"108";"26"
"http://dbpedia.org/resource/Bear_Creek_(album)";"354";"112"
"http://dbpedia.org/resource/The_Battle_for_Everything";"132";"10"
"http://dbpedia.org/resource/Tassili_(album)";"873";"554"
"http://dbpedia.org/resource/Time_the_Conqueror";"216";"64"
"http://dbpedia.org/resource/Goon_Affiliated";"22";"0"
"http://dbpedia.org/resource/Picaresque_(album)";"4846";"1145"
"http://dbpedia.org/resource/Life_Is_Good_(Nas_album)";"1464";"498"
"http://dbpedia.org/resource/Downtown_Church";"27";"5"
"http://dbpedia.org/resource/This_Is_Happening";"8448";"4513"
"http://dbpedia.org/resource/The_Private_Press";"8580";"3557"
"http://dbpedia.org/resource/Welcome_to_Goon_Island";"100";"18"
"http://dbpedia.org/resource/Beyond_the_Neighbourhood";"400";"152"
"http://dbpedia.org/resource/The_Sun_and_the_Moon";"612";"268"
"http://dbpedia.org/resource/Razorlight_(album)";"1055";"249"
"http://dbpedia.org/resource/Modulate_(album)";"252";"26"
"http://dbpedia.org/resource/Pullhair_Rubeye";"442";"278"
"http://dbpedia.org/resource/Songs_for_the_Deaf";"14029";"17107"
"http://dbpedia.org/resource/Staind_(album)";"159";"34"
"http://dbpedia.org/resource/Not_Your_Kind_of_People";"1740";"688"
"http://dbpedia.org/resource/The_Curse_of_Blondie";"526";"88"
"http://dbpedia.org/resource/Multiply_Additions";"3750";"1040"
"http://dbpedia.org/resource/Beautifully_Human:_Words_and_Sounds_Vol._2";"1024";"754"
"http://dbpedia.org/resource/Robotique_Majestique";"30";"4"
"http://dbpedia.org/resource/Electric_Version";"2146";"298"
"http://dbpedia.org/resource/Modern_Apprentice";"336";"28"
"http://dbpedia.org/resource/Fist_of_God";"586";"296"
"http://dbpedia.org/resource/Screaming_Bloody_Murder";"204";"32"
"http://dbpedia.org/resource/Purple_Naked_Ladies";"109";"64"
"http://dbpedia.org/resource/Higher_Than_the_Eiffel";"228";"112"
"http://dbpedia.org/resource/Celestial_Lineage";"3528";"1996"
"http://dbpedia.org/resource/Day_I_Forgot";"454";"96"
"http://dbpedia.org/resource/Doggumentary";"302";"78"
"http://dbpedia.org/resource/Body_Language_Live";"2541";"400"
"http://dbpedia.org/resource/The_Ugly_Organ";"3974";"1032"
"http://dbpedia.org/resource/Universal_Pulse";"394";"98"
"http://dbpedia.org/resource/Separation_Sunday";"636";"922"
"http://dbpedia.org/resource/Ersatz_GB";"0";"0"
"http://dbpedia.org/resource/Game_Tested,_Streets_Approved";"14";"7"
"http://dbpedia.org/resource/If_On_a_Winter's_Night...";"706";"223"
"http://dbpedia.org/resource/Humanoid_(album)";"381";"216"
"http://dbpedia.org/resource/Tha_Carter_III";"1488";"892"
"http://dbpedia.org/resource/Look_to_the_Sky";"260";"134"
"http://dbpedia.org/resource/Harmonicraft";"2910";"510"
"http://dbpedia.org/resource/The_Last_Romance";"868";"308"
"http://dbpedia.org/resource/In_Some_Way,_Shape_or_Form";"253";"96"
"http://dbpedia.org/resource/The_Blueprint";"10310";"4814"
"http://dbpedia.org/resource/Matthew_Morrison_(album)";"26";"10"
"http://dbpedia.org/resource/About_a_Boy_(soundtrack)";"146";"2"
"http://dbpedia.org/resource/Trapped_Animal";"162";"126"
"http://dbpedia.org/resource/Shock_Value_II";"410";"142"
"http://dbpedia.org/resource/Release_Therapy";"578";"132"
"http://dbpedia.org/resource/Happy_Songs_for_Happy_People";"4906";"2534"
"http://dbpedia.org/resource/The_Loudest_Engine";"92";"18"
"http://dbpedia.org/resource/Get_Off_on_the_Pain";"26";"4"
"http://dbpedia.org/resource/31_Minutes_to_Takeoff";"74";"16"
"http://dbpedia.org/resource/TSOL_(album)";"258";"264"
"http://dbpedia.org/resource/Dizzy_Spells_(album)";"310";"100"
"http://dbpedia.org/resource/Franz_Ferdinand_(DVD)";"11900";"4419"
"http://dbpedia.org/resource/Red_Devil_Dawn";"123";"25"
"http://dbpedia.org/resource/Sycamore_Meadows";"158";"82"
"http://dbpedia.org/resource/Dead_Drunk";"268";"102"
"http://dbpedia.org/resource/A_New_Tide";"376";"124"
"http://dbpedia.org/resource/Time_(The_Revelator)";"572";"158"
"http://dbpedia.org/resource/Emotion_&_Commotion";"584";"66"
"http://dbpedia.org/resource/Biophilia_(album)";"0";"0"
"http://dbpedia.org/resource/Grinderman_2";"12287";"2803"
"http://dbpedia.org/resource/Here_with_Me_(album)";"32";"2"
"http://dbpedia.org/resource/Dark_Days/Light_Years";"800";"356"
"http://dbpedia.org/resource/Sepalcure_(album)";"722";"560"
"http://dbpedia.org/resource/Black_Cadillac";"204";"14"
"http://dbpedia.org/resource/Brass_Knuckles_(album)";"106";"12"
"http://dbpedia.org/resource/Born_Villain";"1692";"962"
"http://dbpedia.org/resource/These_Are_the_Vistas";"404";"86"
"http://dbpedia.org/resource/The_Drift";"3002";"1138"
"http://dbpedia.org/resource/Tinted_Windows_(album)";"88";"28"
"http://dbpedia.org/resource/Illinois_(album)";"13156";"6086"
"http://dbpedia.org/resource/Coexist_(album)";"11678";"4234"
"http://dbpedia.org/resource/Yours_Truly,_Angry_Mob";"2204";"478"
"http://dbpedia.org/resource/Absolute_Dissent";"1590";"1172"
"http://dbpedia.org/resource/David_Archuleta_(album)";"74";"0"
"http://dbpedia.org/resource/Live_from_Dakota";"324";"166"
"http://dbpedia.org/resource/Pop_Tune";"56";"30"
"http://dbpedia.org/resource/Raditude";"1388";"468"
"http://dbpedia.org/resource/Attak";"1082";"80"
"http://dbpedia.org/resource/Street_Halo";"7561";"2668"
"http://dbpedia.org/resource/July_Flame";"454";"157"
"http://dbpedia.org/resource/Tales_Don't_Tell_Themselves";"307";"16"
"http://dbpedia.org/resource/Miss_Machine";"3912";"2194"
"http://dbpedia.org/resource/Set_Yourself_on_Fire";"1804";"936"
"http://dbpedia.org/resource/GhostDeini_the_Great";"45";"8"
"http://dbpedia.org/resource/Moment_Bends";"354";"106"
"http://dbpedia.org/resource/Hoodstar";"164";"10"
"http://dbpedia.org/resource/Happiness_(Hurts_album)";"2333";"694"
"http://dbpedia.org/resource/The_Tight_Connection";"29";"5"
"http://dbpedia.org/resource/Hail_to_the_Thief";"19593";"7988"
"http://dbpedia.org/resource/3_Doors_Down_(album)";"390";"69"
"http://dbpedia.org/resource/Poses_(album)";"830";"46"
"http://dbpedia.org/resource/Cobblestone_Runway";"303";"80"
"http://dbpedia.org/resource/Time_for_Annihilation";"122";"22"
"http://dbpedia.org/resource/Gavin_DeGraw_(album)";"101";"8"
"http://dbpedia.org/resource/The_Seldom_Seen_Kid";"3856";"998"
"http://dbpedia.org/resource/Rejoicing_in_the_Hands";"2596";"664"
"http://dbpedia.org/resource/Rather_Ripped";"6093";"1287"
"http://dbpedia.org/resource/Based_on_a_T.R.U._Story";"318";"184"
"http://dbpedia.org/resource/If_Songs_Could_Be_Held";"96";"14"
"http://dbpedia.org/resource/Strawberry_Weed";"152";"60"
"http://dbpedia.org/resource/Leucocyte_(album)";"0";"0"
"http://dbpedia.org/resource/Tenacious_D_(album)";"4007";"1761"
"http://dbpedia.org/resource/Tweekend";"1649";"770"
"http://dbpedia.org/resource/The_Glass_Passenger";"436";"470"
"http://dbpedia.org/resource/Minimum-Maximum";"0";"0"
"http://dbpedia.org/resource/Bright_Ideas";"42";"16"
"http://dbpedia.org/resource/Timez_Are_Weird_These_Days";"235";"129"
"http://dbpedia.org/resource/Love_Remains";"1228";"658"
"http://dbpedia.org/resource/The_Smell_of_Our_Own";"546";"140"
"http://dbpedia.org/resource/Jasper_County_(album)";"47";"0"
"http://dbpedia.org/resource/A_Lively_Mind";"667";"116"
"http://dbpedia.org/resource/Me_First_(album)";"260";"46"
"http://dbpedia.org/resource/Less_Than_Human_(album)";"1200";"292"
"http://dbpedia.org/resource/Spot_the_Difference";"42";"24"
"http://dbpedia.org/resource/All_Hands_on_the_Bad_One";"2304";"650"
"http://dbpedia.org/resource/Cold_House";"1552";"484"
"http://dbpedia.org/resource/Grown_&_Sexy";"77";"35"
"http://dbpedia.org/resource/Party_Rock";"776";"518"
"http://dbpedia.org/resource/Old_Ramon";"1224";"816"
"http://dbpedia.org/resource/Half_the_Perfect_World";"580";"162"
"http://dbpedia.org/resource/Someone_to_Drive_You_Home";"866";"266"
"http://dbpedia.org/resource/In_and_Out_of_Youth_and_Lightness";"932";"294"
"http://dbpedia.org/resource/Robyn_(album)";"2099";"1057"
"http://dbpedia.org/resource/My_World,_My_Way_(album)";"144";"26"
"http://dbpedia.org/resource/Winner_Stays_On";"17";"3"
"http://dbpedia.org/resource/Blacklisted_(album)";"1666";"876"
"http://dbpedia.org/resource/Ill_Manors_(album)";"444";"176"
"http://dbpedia.org/resource/Invaders_Must_Die";"3296";"2580"
"http://dbpedia.org/resource/Supermodified_(album)";"6140";"2332"
"http://dbpedia.org/resource/It's_Alive!_(album)";"17";"3"
"http://dbpedia.org/resource/Real_Animal";"298";"30"
"http://dbpedia.org/resource/Live_from_Rome";"690";"106"
"http://dbpedia.org/resource/Because_of_the_Times";"4782";"1488"
"http://dbpedia.org/resource/Weird_Revolution";"716";"404"
"http://dbpedia.org/resource/Love_Is_the_Answer_(album)";"154";"48"
"http://dbpedia.org/resource/Her_Majesty_the_Decemberists";"0";"0"
"http://dbpedia.org/resource/Pieces_in_a_Modern_Style";"1845";"389"
"http://dbpedia.org/resource/Person_Pitch";"8388";"2336"
"http://dbpedia.org/resource/New_Leaves";"824";"228"
"http://dbpedia.org/resource/That_Lonesome_Song";"254";"72"
"http://dbpedia.org/resource/Autumn,_Again";"230";"168"
"http://dbpedia.org/resource/Calling_the_World";"148";"16"
"http://dbpedia.org/resource/Not_Without_a_Fight";"1152";"294"
"http://dbpedia.org/resource/Fiction_Family_(album)";"144";"34"
"http://dbpedia.org/resource/Stumble_into_Grace";"322";"4"
"http://dbpedia.org/resource/The_Besnard_Lakes_Are_the_Dark_Horse";"1224";"132"
"http://dbpedia.org/resource/Blackjazz";"1448";"632"
"http://dbpedia.org/resource/Curtis_(50_Cent_album)";"898";"202"
"http://dbpedia.org/resource/I'm_with_You_(album)";"3216";"1424"
"http://dbpedia.org/resource/Slicker_Than_Your_Average";"541";"122"
"http://dbpedia.org/resource/Black_Dialogue";"753";"158"
"http://dbpedia.org/resource/Prog_(album)";"190";"44"
"http://dbpedia.org/resource/Walking_on_a_Dream";"2687";"2830"
"http://dbpedia.org/resource/It's_Me_Again";"184";"47"
"http://dbpedia.org/resource/Ten$Ion";"1994";"2402"
"http://dbpedia.org/resource/Parting_the_Sea_Between_Brightness_and_Me";"4956";"1990"
"http://dbpedia.org/resource/Doomsdayer's_Holiday";"1732";"642"
"http://dbpedia.org/resource/Darkly,_Darkly,_Venus_Aversa";"1466";"384"
"http://dbpedia.org/resource/Madvillainy";"23638";"17950"
"http://dbpedia.org/resource/Chickenfoot_III";"26";"3"
"http://dbpedia.org/resource/Furr";"1544";"194"
"http://dbpedia.org/resource/Impossible_Spaces";"408";"146"
"http://dbpedia.org/resource/Build_a_Rocket_Boys!";"2158";"507"
"http://dbpedia.org/resource/Lupe_Fiasco's_Food_&_Liquor";"1860";"1500"
"http://dbpedia.org/resource/Kid_A";"31656";"18802"
"http://dbpedia.org/resource/Gloriana_(album)";"6";"0"
"http://dbpedia.org/resource/Do_It_in_the_AM";"95";"38"
"http://dbpedia.org/resource/Gala_Mill";"364";"260"
"http://dbpedia.org/resource/Keep_Calm_and_Carry_On_(album)";"311";"220"
"http://dbpedia.org/resource/Break_It_Yourself";"1658";"424"
"http://dbpedia.org/resource/Forgiven_(album)";"40";"14"
"http://dbpedia.org/resource/You_Can_Feel_Me";"132";"4"
"http://dbpedia.org/resource/Antifogmatic";"328";"162"
"http://dbpedia.org/resource/Paper_Walls";"382";"128"
"http://dbpedia.org/resource/Game_Theory_(album)";"3719";"1086"
"http://dbpedia.org/resource/Steingarten";"3335";"1835"
"http://dbpedia.org/resource/Like_Red_on_a_Rose";"60";"2"
"http://dbpedia.org/resource/Girls_Can_Tell";"2519";"925"
"http://dbpedia.org/resource/A_Boot_and_a_Shoe";"84";"4"
"http://dbpedia.org/resource/Music_for_Cougars";"10";"3"
"http://dbpedia.org/resource/The_Papercut_Chronicles_II";"40";"12"
"http://dbpedia.org/resource/The_High_End_of_Low";"1285";"534"
"http://dbpedia.org/resource/Oohs_&_Aahs";"160";"124"
"http://dbpedia.org/resource/Love_Behind_the_Melody";"60";"30"
"http://dbpedia.org/resource/The_Dutchess";"761";"71"
"http://dbpedia.org/resource/Wikked_Lil'_Grrrls";"182";"40"
"http://dbpedia.org/resource/Mirrored";"5650";"2810"
"http://dbpedia.org/resource/Journal_for_Plague_Lovers";"2144";"510"
"http://dbpedia.org/resource/Hissing_Fauna,_Are_You_the_Destroyer%3F";"4318";"1186"
"http://dbpedia.org/resource/Beaus$Eros";"0";"0"
"http://dbpedia.org/resource/Ten_Thousand_Fists";"1507";"116"
"http://dbpedia.org/resource/Chemical_Warfare_(album)";"0";"0"
"http://dbpedia.org/resource/Motown:_A_Journey_Through_Hitsville_USA";"1";"0"
"http://dbpedia.org/resource/All_That_You_Can't_Leave_Behind";"2762";"1345"
"http://dbpedia.org/resource/Moodring";"133";"36"
"http://dbpedia.org/resource/Bon_Iver,_Bon_Iver";"16396";"5553"
"http://dbpedia.org/resource/Gold_Cobra";"508";"204"
"http://dbpedia.org/resource/Fear_Yourself";"444";"224"
"http://dbpedia.org/resource/55_Cadillac";"180";"136"
"http://dbpedia.org/resource/Drum's_Not_Dead";"2308";"932"
"http://dbpedia.org/resource/Burst_Apart";"2226";"734"
"http://dbpedia.org/resource/Life_in_Cartoon_Motion";"1554";"221"
"http://dbpedia.org/resource/The_Best_in_Town";"92";"26"
"http://dbpedia.org/resource/Until_the_End_(album)";"245";"71"
"http://dbpedia.org/resource/Big_Talk_(album)";"161";"52"
"http://dbpedia.org/resource/Engineers_(Engineers_album)";"648";"273"
"http://dbpedia.org/resource/Killer_Sounds";"172";"40"
"http://dbpedia.org/resource/Schizophrenic_(JC_Chasez_album)";"114";"2"
"http://dbpedia.org/resource/Fox_Confessor_Brings_the_Flood";"2376";"1188"
"http://dbpedia.org/resource/It_Had_to_Be_You:_The_Great_American_Songbook";"279";"4"
"http://dbpedia.org/resource/Ten_Stories";"1658";"822"
"http://dbpedia.org/resource/Midlife:_A_Beginner's_Guide_to_Blur";"444";"42"
"http://dbpedia.org/resource/Looping_State_of_Mind";"1575";"705"
"http://dbpedia.org/resource/Gemstones_(album)";"1034";"142"
"http://dbpedia.org/resource/The_Whole_Love";"5110";"996"
"http://dbpedia.org/resource/How_to_Compose_Popular_Songs_That_Will_Sell";"44";"18"
"http://dbpedia.org/resource/Yellow_&_Green_(Baroness_album)";"6914";"3110"
"http://dbpedia.org/resource/Hands_All_Over_(album)";"549";"649"
"http://dbpedia.org/resource/Jim_Noir_(album)";"216";"86"
"http://dbpedia.org/resource/Welcome_to_the_North";"869";"176"
"http://dbpedia.org/resource/The_Declaration";"80";"20"
"http://dbpedia.org/resource/Twisted_Tenderness";"1648";"525"
"http://dbpedia.org/resource/Quicken_the_Heart";"0";"0"
"http://dbpedia.org/resource/The_Soft_Bulletin";"8643";"4453"
"http://dbpedia.org/resource/At_Your_Inconvenience";"74";"14"
"http://dbpedia.org/resource/The_Coral_(album)";"1933";"915"
"http://dbpedia.org/resource/Manafon_(album)";"1511";"694"
"http://dbpedia.org/resource/The_Chronicles_of_Life_and_Death";"733";"84"
"http://dbpedia.org/resource/Slave_to_the_Game";"200";"108"
"http://dbpedia.org/resource/Ripe_(album)";"135";"34"
"http://dbpedia.org/resource/Cinder_(album)";"970";"338"
"http://dbpedia.org/resource/De-Loused_in_the_Comatorium";"10379";"7698"
"http://dbpedia.org/resource/Double_Figure";"5046";"1348"
"http://dbpedia.org/resource/Emeritus_(album)";"63";"25"
"http://dbpedia.org/resource/Own_the_Night";"146";"26"
"http://dbpedia.org/resource/Electric_Dirt";"378";"146"
"http://dbpedia.org/resource/Funstyle";"110";"24"
"http://dbpedia.org/resource/Streetlights_(Kurupt_album)";"27";"16"
"http://dbpedia.org/resource/New_Amerykah_Part_One_(4th_World_War)";"3238";"1948"
"http://dbpedia.org/resource/Georgia_Clay";"1";"0"
"http://dbpedia.org/resource/In_Living_Cover";"12";"2"
"http://dbpedia.org/resource/Complete_Me";"169";"17"
"http://dbpedia.org/resource/Out_of_Frequency";"358";"270"
"http://dbpedia.org/resource/Pray_IV_Reign";"48";"5"
"http://dbpedia.org/resource/Slick_Dogs_and_Ponies";"182";"40"
"http://dbpedia.org/resource/22-20s_(album)";"588";"172"
"http://dbpedia.org/resource/Anna_Calvi_(album)";"1912";"356"
"http://dbpedia.org/resource/Other_People's_Songs";"984";"448"
"http://dbpedia.org/resource/The_Execution_of_All_Things";"1822";"758"
"http://dbpedia.org/resource/My_Private_Nation";"250";"20"
"http://dbpedia.org/resource/Never_Gone";"400";"130"
"http://dbpedia.org/resource/The_Wonder_Years_(9th_Wonder_album)";"272";"278"
"http://dbpedia.org/resource/Let_England_Shake";"8468";"1745"
"http://dbpedia.org/resource/Bright_Black_Heaven";"330";"106"
"http://dbpedia.org/resource/Winter_Hymn_Country_Hymn_Secret_Hymn";"2330";"482"
"http://dbpedia.org/resource/Judgement_Days";"154";"140"
"http://dbpedia.org/resource/We_Are_Monster";"0";"0"
"http://dbpedia.org/resource/You_Get_What_You_Give_(album)";"172";"44"
"http://dbpedia.org/resource/Malice_n_Wonderland";"464";"204"
"http://dbpedia.org/resource/The_Golden_Age_of_Grotesque";"3564";"2277"
"http://dbpedia.org/resource/The_Ecstatic";"1882";"2122"
"http://dbpedia.org/resource/Hell_Hath_No_Fury";"1397";"694"
"http://dbpedia.org/resource/Haha_Sound";"4458";"2378"
"http://dbpedia.org/resource/American_VI:_Ain't_No_Grave";"5634";"1356"
"http://dbpedia.org/resource/Amber_Headlights";"75";"11"
"http://dbpedia.org/resource/Nothing_Is_Wrong";"1274";"271"
"http://dbpedia.org/resource/Built_on_Squares";"158";"54"
"http://dbpedia.org/resource/Let's_Just_Be";"105";"4"
"http://dbpedia.org/resource/American_Tragedy_Redux";"217";"163"
"http://dbpedia.org/resource/A_Grand_Don't_Come_for_Free";"4660";"2728"
"http://dbpedia.org/resource/Furious_Angels";"1966";"873"
"http://dbpedia.org/resource/Keep_It_Hid";"3334";"792"
"http://dbpedia.org/resource/Come_Away_with_Me";"8185";"2996"
"http://dbpedia.org/resource/Three's_Co.";"124";"50"
"http://dbpedia.org/resource/Songs_from_the_Sparkle_Lounge";"438";"30"
"http://dbpedia.org/resource/Beat_'Em_Up";"576";"114"
"http://dbpedia.org/resource/Malpractice_(Redman_album)";"1706";"424"
"http://dbpedia.org/resource/Science_&_Faith";"224";"38"
"http://dbpedia.org/resource/Jackinabox";"464";"50"
"http://dbpedia.org/resource/Street_Dreams_(Fabolous_album)";"644";"153"
"http://dbpedia.org/resource/HoboSapiens";"536";"84"
"http://dbpedia.org/resource/My_Damnation";"286";"224"
"http://dbpedia.org/resource/Faceless";"756";"112"
"http://dbpedia.org/resource/Pop_Trash";"953";"305"
"http://dbpedia.org/resource/Welcome_to_the_Drama_Club";"66";"20"
"http://dbpedia.org/resource/Everything_Is_Borrowed";"1116";"580"
"http://dbpedia.org/resource/The_Best_Little_Secrets_Are_Kept";"478";"262"
"http://dbpedia.org/resource/S.T.R.E.E.T._D.A.D.";"992";"212"
"http://dbpedia.org/resource/Vivian_Girls_(album)";"1820";"463"
"http://dbpedia.org/resource/Mandy_Moore_(album)";"208";"34"
"http://dbpedia.org/resource/Britney_(album)";"1552";"1312"
"http://dbpedia.org/resource/Shape_Shifter_(album)";"232";"100"
"http://dbpedia.org/resource/If_Only_You_Were_Lonely";"431";"89"
"http://dbpedia.org/resource/Hitting_the_Ground";"204";"26"
"http://dbpedia.org/resource/Morning_Tide";"152";"48"
"http://dbpedia.org/resource/Ravedeath,_1972";"3922";"2242"
"http://dbpedia.org/resource/Vampire_Weekend_(album)";"10112";"3834"
"http://dbpedia.org/resource/Tical_0:_The_Prequel";"1367";"416"
"http://dbpedia.org/resource/Kellie_Pickler_(album)";"18";"6"
"http://dbpedia.org/resource/One_Beat";"2368";"600"
"http://dbpedia.org/resource/You_Are_Free";"4950";"1234"
"http://dbpedia.org/resource/Silent_Alarm";"9055";"6238"
"http://dbpedia.org/resource/De_Vermis_Mysteriis_(album)";"2638";"1150"
"http://dbpedia.org/resource/Electra_Heart";"0";"0"
"http://dbpedia.org/resource/American_Life";"4347";"1422"
"http://dbpedia.org/resource/Thought_So";"1300";"630"
"http://dbpedia.org/resource/Snakes_for_the_Divine";"2360";"764"
"http://dbpedia.org/resource/Funeral_(album)";"25054";"7716"
"http://dbpedia.org/resource/WZRD_(album)";"260";"160"
"http://dbpedia.org/resource/The_Open_Door";"1810";"448"
"http://dbpedia.org/resource/Systems/Layers";"592";"134"
"http://dbpedia.org/resource/Pressure_Chief";"653";"128"
"http://dbpedia.org/resource/The_Contino_Sessions";"3031";"924"
"http://dbpedia.org/resource/Bright_Like_Neon_Love";"1996";"582"
"http://dbpedia.org/resource/Woman_King";"0";"0"
"http://dbpedia.org/resource/Attention_Deficit_Domination";"360";"100"
"http://dbpedia.org/resource/The_Sunset_Tree";"2343";"1152"
"http://dbpedia.org/resource/Citrus_(album)";"928";"766"
"http://dbpedia.org/resource/Lost_Wisdom";"1340";"778"
"http://dbpedia.org/resource/Do_You_Know_Squarepusher";"5806";"1600"
"http://dbpedia.org/resource/Concrete_Rose";"317";"45"
"http://dbpedia.org/resource/These_Were_the_Earlies";"437";"60"
"http://dbpedia.org/resource/More_Than_You_Think_You_Are";"568";"68"
"http://dbpedia.org/resource/From_the_Forest_to_the_Sea";"13";"4"
"http://dbpedia.org/resource/Tha_Carter_IV";"634";"330"
"http://dbpedia.org/resource/Happiness_Ltd.";"364";"72"
"http://dbpedia.org/resource/Murs_3:16:_The_9th_Edition";"1466";"456"
"http://dbpedia.org/resource/A_Man's_Thoughts";"28";"10"
"http://dbpedia.org/resource/Welcome_Interstate_Managers";"622";"56"
"http://dbpedia.org/resource/The_Convincer";"414";"114"
"http://dbpedia.org/resource/Wolfgang_Amadeus_Phoenix";"7496";"3346"
"http://dbpedia.org/resource/Microcastle";"6291";"2365"
"http://dbpedia.org/resource/Only_Built_4_Cuban_Linx..._Pt._II";"2274";"674"
"http://dbpedia.org/resource/Vehicles_&_Animals";"836";"219"
"http://dbpedia.org/resource/The_Fray_(album)";"418";"288"
"http://dbpedia.org/resource/The_Libertines_(album)";"5041";"3325"
"http://dbpedia.org/resource/Getting_Away_with_It..._Live";"358";"176"
"http://dbpedia.org/resource/Tears_of_the_Valedictorian";"342";"78"
"http://dbpedia.org/resource/Dangerous_Magical_Noise";"1180";"282"
"http://dbpedia.org/resource/Beauty_&_Crime";"514";"138"
"http://dbpedia.org/resource/People_Are_Expensive";"33";"20"
"http://dbpedia.org/resource/Everything_in_Between_(No_Age_album)";"1688";"302"
"http://dbpedia.org/resource/Jagged_Little_Pill_Acoustic";"957";"283"
"http://dbpedia.org/resource/Stir_the_Blood";"342";"98"
"http://dbpedia.org/resource/Pink_Friday:_Roman_Reloaded";"812";"362"
"http://dbpedia.org/resource/T.I._vs._T.I.P.";"338";"98"
"http://dbpedia.org/resource/Body_Talk_Pt._1";"2887";"1908"
"http://dbpedia.org/resource/Rubber_Factory";"9828";"3270"
"http://dbpedia.org/resource/Damita_Jo_(album)";"1093";"531"
"http://dbpedia.org/resource/The_Past_Presents_the_Future";"149";"8"
"http://dbpedia.org/resource/Lights_and_Sounds";"600";"282"
"http://dbpedia.org/resource/Flavors_of_Entanglement";"678";"150"
"http://dbpedia.org/resource/This_Is_Our_Science";"530";"208"
"http://dbpedia.org/resource/Beaucoup_Fish";"7901";"2092"
"http://dbpedia.org/resource/The_Beginning_Stages_of...";"1397";"373"
"http://dbpedia.org/resource/Hefty_Fine";"862";"356"
"http://dbpedia.org/resource/The_Sunlandic_Twins";"2454";"870"
"http://dbpedia.org/resource/Tronic";"726";"430"
"http://dbpedia.org/resource/Melodia_(album)";"126";"28"
"http://dbpedia.org/resource/Blue_Cathedral";"1688";"332"
"http://dbpedia.org/resource/Never_Been_Gone";"67";"28"
"http://dbpedia.org/resource/Fabulous_Muscles";"2104";"864"
"http://dbpedia.org/resource/All_Things_Bright_and_Beautiful_(album)";"331";"171"
"http://dbpedia.org/resource/Cryptomnesia_(album)";"1204";"340"
"http://dbpedia.org/resource/Breaking_Kayfabe";"292";"76"
"http://dbpedia.org/resource/Boy_in_da_Corner";"3316";"2214"
"http://dbpedia.org/resource/The_Industrialist";"992";"490"
"http://dbpedia.org/resource/The_Renaissance_(Q-Tip_album)";"2904";"1278"
"http://dbpedia.org/resource/Grey_Oceans";"1402";"940"
"http://dbpedia.org/resource/Jennifer_Hudson_(album)";"138";"18"
"http://dbpedia.org/resource/Stealing_of_a_Nation";"620";"38"
"http://dbpedia.org/resource/Junk_of_the_Heart";"712";"316"
"http://dbpedia.org/resource/Savane_(album)";"462";"81"
"http://dbpedia.org/resource/Darker_Handcraft";"1276";"822"
"http://dbpedia.org/resource/Wind's_Poem";"1774";"644"
"http://dbpedia.org/resource/Feels";"5733";"2938"
"http://dbpedia.org/resource/Todd_Smith_(album)";"338";"82"
"http://dbpedia.org/resource/Blackout!_2";"1040";"372"
"http://dbpedia.org/resource/We'll_Live_and_Die_in_These_Towns";"756";"294"
"http://dbpedia.org/resource/The_Last_Broadcast_(album)";"3079";"851"
"http://dbpedia.org/resource/Suit_(album)";"305";"65"
"http://dbpedia.org/resource/Visiter";"0";"0"
"http://dbpedia.org/resource/Everyday_I_Said_a_Prayer_for_Kathy_and_Made_a_One_Inch_Square";"48";"6"
"http://dbpedia.org/resource/Strange_Mercy";"5826";"3107"
"http://dbpedia.org/resource/The_Great_Western";"450";"126"
"http://dbpedia.org/resource/Midnite_Vultures";"5950";"3669"
"http://dbpedia.org/resource/We_Shall_Overcome:_The_Seeger_Sessions";"2788";"524"
"http://dbpedia.org/resource/Liverpool_8";"214";"58"
"http://dbpedia.org/resource/The_Latest_Fashion";"22";"4"
"http://dbpedia.org/resource/Cervantine";"296";"94"
"http://dbpedia.org/resource/Yonder_Is_the_Clock";"470";"86"
"http://dbpedia.org/resource/A_Creature_I_Don't_Know";"1320";"434"
"http://dbpedia.org/resource/If_Not_Now,_When%3F_(album)";"892";"471"
"http://dbpedia.org/resource/Simple_Plan_(album)";"306";"146"
"http://dbpedia.org/resource/Return_to_Cookie_Mountain";"4084";"1954"
"http://dbpedia.org/resource/Isolation_Drills";"1835";"294"
"http://dbpedia.org/resource/Riot!";"2204";"1182"
"http://dbpedia.org/resource/LP1_(Joss_Stone_album)";"376";"182"
"http://dbpedia.org/resource/...Burn,_Piano_Island,_Burn";"2692";"1980"
"http://dbpedia.org/resource/Back_on_My_B.S.";"306";"108"
"http://dbpedia.org/resource/Flashmob_(album)";"1440";"654"
"http://dbpedia.org/resource/Freedom_of_Speech_(Speech_Debelle_album)";"234";"68"
"http://dbpedia.org/resource/The_Bright_Mississippi";"326";"478"
"http://dbpedia.org/resource/Moonfire_(album)";"172";"250"
"http://dbpedia.org/resource/When_I_Pretend_to_Fall";"346";"168"
"http://dbpedia.org/resource/Control_System";"158";"110"
"http://dbpedia.org/resource/UGK_4_Life";"138";"50"
"http://dbpedia.org/resource/Everyday_Demons";"457";"53"
"http://dbpedia.org/resource/Phrenology_(album)";"4820";"2662"
"http://dbpedia.org/resource/Hold_on_Now,_Youngster";"1052";"535"
"http://dbpedia.org/resource/Neighborhood_Watch_(album)";"1652";"736"
"http://dbpedia.org/resource/Sharpen_Your_Teeth";"1850";"854"
"http://dbpedia.org/resource/Bears,_Mayors,_Scraps_&_Bones";"530";"268"
"http://dbpedia.org/resource/Spiral_Shadow";"2462";"1422"
"http://dbpedia.org/resource/The_Shepherd's_Dog";"4904";"1272"
"http://dbpedia.org/resource/Audioslave_(DVD)";"6674";"2316"
"http://dbpedia.org/resource/Bachelor_No._2_or,_the_Last_Remains_of_the_Dodo";"459";"17"
"http://dbpedia.org/resource/Locked_Down_(album)";"2352";"436"
"http://dbpedia.org/resource/The_Coast_Is_Never_Clear";"754";"330"
"http://dbpedia.org/resource/Dig,_Lazarus,_Dig!!!";"0";"0"
"http://dbpedia.org/resource/Father,_Son,_Holy_Ghost_(album)";"3390";"864"
"http://dbpedia.org/resource/Beg_for_Mercy";"1038";"234"
"http://dbpedia.org/resource/My_Guilty_Pleasure";"412";"281"
"http://dbpedia.org/resource/The_Boy_with_No_Name";"761";"365"
"http://dbpedia.org/resource/Death_to_False_Metal";"488";"256"
"http://dbpedia.org/resource/Crown_Royal_(album)";"0";"0"
"http://dbpedia.org/resource/Carboniferous_(album)";"960";"612"
"http://dbpedia.org/resource/Cocky_(album)";"429";"118"
"http://dbpedia.org/resource/Asleep_in_the_Back";"2312";"706"
"http://dbpedia.org/resource/Post_Mortem_(album)";"54";"6"
"http://dbpedia.org/resource/Hypermagic_Mountain";"1660";"1298"
"http://dbpedia.org/resource/Under_the_Iron_Sea";"2260";"820"
"http://dbpedia.org/resource/Gimme_Fiction";"4174";"1084"
"http://dbpedia.org/resource/Weapons_of_Mass_Destruction_(album)";"674";"82"
"http://dbpedia.org/resource/Blue_Record";"6374";"4854"
"http://dbpedia.org/resource/At_Night_We_Live";"390";"242"
"http://dbpedia.org/resource/Break_the_Spell";"100";"2"
"http://dbpedia.org/resource/The_Bright_Lights_of_America";"874";"214"
"http://dbpedia.org/resource/Jewellery_Quarter_(album)";"28";"4"
"http://dbpedia.org/resource/High_Violet";"13078";"3716"
"http://dbpedia.org/resource/I_Phantom";"2197";"510"
"http://dbpedia.org/resource/Never_Cry_Another_Tear";"978";"180"
"http://dbpedia.org/resource/Imidiwan";"418";"266"
"http://dbpedia.org/resource/Mr._Brown_(album)";"244";"74"
"http://dbpedia.org/resource/Oh_Land_(album)";"294";"228"
"http://dbpedia.org/resource/Music_Is_Better_Than_Words";"108";"92"
"http://dbpedia.org/resource/Lies_for_the_Liars";"566";"490"
"http://dbpedia.org/resource/Bow_Down_to_the_Exit_Sign";"1610";"257"
"http://dbpedia.org/resource/Live_from_the_Kitchen";"9";"3"
"http://dbpedia.org/resource/Brighter_Than_Creation's_Dark";"1006";"232"
"http://dbpedia.org/resource/The_Old_Kit_Bag";"340";"98"
"http://dbpedia.org/resource/Have_One_on_Me";"5354";"1414"
"http://dbpedia.org/resource/Polly_Scattergood_(album)";"146";"40"
"http://dbpedia.org/resource/Le_Noise";"2458";"790"
"http://dbpedia.org/resource/Avenged_Sevenfold_(album)";"1815";"844"
"http://dbpedia.org/resource/Fallen_Empires_(album)";"880";"270"
"http://dbpedia.org/resource/Bat_Out_of_Hell_III:_The_Monster_Is_Loose";"640";"412"
"http://dbpedia.org/resource/American_V:_A_Hundred_Highways";"5980";"1706"
"http://dbpedia.org/resource/Life..._The_Best_Game_in_Town";"850";"752"
"http://dbpedia.org/resource/Finding_Beauty_in_Negative_Spaces";"286";"84"
"http://dbpedia.org/resource/Rounds_(album)";"6268";"3024"
"http://dbpedia.org/resource/Korn_III:_Remember_Who_You_Are";"1338";"502"
"http://dbpedia.org/resource/Liz_Phair_(album)";"390";"50"
"http://dbpedia.org/resource/Run_to_Ruin";"558";"156"
"http://dbpedia.org/resource/Good_Morning_Revival";"422";"38"
"http://dbpedia.org/resource/Decoration_Day_(album)";"1296";"316"
"http://dbpedia.org/resource/Leaves_Turn_Inside_You";"1170";"1324"
"http://dbpedia.org/resource/The_Oracle_(album)";"310";"66"
"http://dbpedia.org/resource/Original_Pirate_Material";"7460";"4438"
"http://dbpedia.org/resource/The_New_Danger";"2182";"1636"
"http://dbpedia.org/resource/The_Age_of_Miracles";"62";"4"
"http://dbpedia.org/resource/1st_Born_Second";"546";"696"
"http://dbpedia.org/resource/R.A.P._Music";"2056";"1650"
"http://dbpedia.org/resource/Shut_Up_I_Am_Dreaming";"256";"72"
"http://dbpedia.org/resource/45:33";"0";"0"
"http://dbpedia.org/resource/Health//Disco";"0";"0"
"http://dbpedia.org/resource/The_Body,_the_Blood,_the_Machine";"1850";"476"
"http://dbpedia.org/resource/Favourite_Colours";"288";"144"
"http://dbpedia.org/resource/We_Are_Beautiful,_We_Are_Doomed";"880";"298"
"http://dbpedia.org/resource/The_Shadow_of_an_Empire";"90";"38"
"http://dbpedia.org/resource/Murray_Street_(album)";"6532";"1690"
"http://dbpedia.org/resource/Karmacode";"1280";"236"
"http://dbpedia.org/resource/Red_Carpet_Massacre";"1213";"320"
"http://dbpedia.org/resource/Veni_Vidi_Vicious";"4237";"3141"
"http://dbpedia.org/resource/Results_May_Vary";"1514";"674"
"http://dbpedia.org/resource/For_Hero:_For_Fool";"848";"156"
"http://dbpedia.org/resource/Praise_&_Blame";"440";"28"
"http://dbpedia.org/resource/Drums_and_Guns";"2628";"376"
"http://dbpedia.org/resource/Dangerous_Dreams";"552";"192"
"http://dbpedia.org/resource/The_Boxing_Mirror";"104";"10"
"http://dbpedia.org/resource/Foot_of_the_Mountain";"1162";"358"
"http://dbpedia.org/resource/Bird-Brains";"0";"0"
"http://dbpedia.org/resource/Some_Devil";"490";"18"
"http://dbpedia.org/resource/Welcoming_Home_the_Astronauts";"70";"8"
"http://dbpedia.org/resource/Don't_Do_Anything";"54";"10"
"http://dbpedia.org/resource/Torture_(album)";"2126";"1368"
"http://dbpedia.org/resource/Silent_Cry";"338";"138"
"http://dbpedia.org/resource/Hannicap_Circus";"191";"30"
"http://dbpedia.org/resource/Kids_in_the_Street";"198";"82"
"http://dbpedia.org/resource/Booming_Back_at_You";"220";"36"
"http://dbpedia.org/resource/There's_a_Fire";"86";"18"
"http://dbpedia.org/resource/A_Ghost_Is_Born";"5788";"1252"
"http://dbpedia.org/resource/Best_Night_of_My_Life";"44";"14"
"http://dbpedia.org/resource/Under_the_Mistletoe";"50";"10"
"http://dbpedia.org/resource/I_Speak_Because_I_Can";"1287";"478"
"http://dbpedia.org/resource/Before_I_Self_Destruct";"512";"143"
"http://dbpedia.org/resource/Godfather_Buried_Alive";"374";"52"
"http://dbpedia.org/resource/Return_of_Dragon";"259";"29"
"http://dbpedia.org/resource/The_Pretty_Toney_Album";"1928";"600"
"http://dbpedia.org/resource/Decent_Work_for_Decent_Pay";"334";"70"
"http://dbpedia.org/resource/Cardiology_(album)";"156";"24"
"http://dbpedia.org/resource/Fake_Songs";"214";"57"
"http://dbpedia.org/resource/Mudvayne_(album)";"336";"140"
"http://dbpedia.org/resource/The_Preacher's_Son";"349";"76"
"http://dbpedia.org/resource/Suburbia_I've_Given_You_All_and_Now_I'm_Nothing";"1936";"920"
"http://dbpedia.org/resource/Through_the_Windowpane";"732";"192"
"http://dbpedia.org/resource/Familiar_to_Millions";"2071";"1015"
"http://dbpedia.org/resource/Stone_Rollin'";"964";"431"
"http://dbpedia.org/resource/My_Favourite_Headache";"149";"15"
"http://dbpedia.org/resource/Andorra_(album)";"3220";"1256"
"http://dbpedia.org/resource/Riot_City_Blues";"1690";"360"
"http://dbpedia.org/resource/Her_Space_Holiday_(album)";"358";"313"
"http://dbpedia.org/resource/Yuck_(album)";"3243";"836"
"http://dbpedia.org/resource/1372_Overton_Park";"782";"176"
"http://dbpedia.org/resource/The_Ragpicker's_Dream";"1073";"368"
"http://dbpedia.org/resource/Felt_3:_A_Tribute_to_Rosie_Perez";"0";"0"
"http://dbpedia.org/resource/Outside_Closer";"1002";"266"
"http://dbpedia.org/resource/Boys_and_Girls_in_America";"2608";"1364"
"http://dbpedia.org/resource/Life_Cycles_(album)";"48";"6"
"http://dbpedia.org/resource/TP.3_Reloaded";"326";"61"
"http://dbpedia.org/resource/Transatlanticism";"8185";"4024"
"http://dbpedia.org/resource/On_the_Impossible_Past";"1608";"736"
"http://dbpedia.org/resource/Murdered_Love";"204";"94"
"http://dbpedia.org/resource/Echoes_of_Silence";"692";"396"
"http://dbpedia.org/resource/Aerial_(album)";"4192";"1812"
"http://dbpedia.org/resource/Imaad_Wasif_(album)";"16";"7"
"http://dbpedia.org/resource/Come_to_Life";"148";"50"
"http://dbpedia.org/resource/Mama's_Gun";"4093";"4017"
"http://dbpedia.org/resource/Rooty";"4683";"1045"
"http://dbpedia.org/resource/Details_(album)";"790";"144"
"http://dbpedia.org/resource/Dirt_Farmer";"342";"268"
"http://dbpedia.org/resource/Ultra_Payloaded";"306";"26"
"http://dbpedia.org/resource/Graffiti_(Chris_Brown_album)";"98";"28"
"http://dbpedia.org/resource/Mr._Impossible_(album)";"560";"270"
"http://dbpedia.org/resource/Shaka_Rock";"292";"238"
"http://dbpedia.org/resource/The_Discovery_of_a_World_Inside_the_Moone";"714";"272"
"http://dbpedia.org/resource/Juliana's_Pony:_Total_System_Failure";"159";"16"
"http://dbpedia.org/resource/The_Illusion_of_Progress";"270";"150"
"http://dbpedia.org/resource/Untitled_23";"314";"166"
"http://dbpedia.org/resource/I_Am_Not_Afraid_of_You_and_I_Will_Beat_Your_Ass";"3398";"615"
"http://dbpedia.org/resource/Violence_Begets_Violence";"788";"344"
"http://dbpedia.org/resource/He_Was_King";"216";"66"
"http://dbpedia.org/resource/Martha_Wainwright_(album)";"726";"66"
"http://dbpedia.org/resource/Van_Lear_Rose";"4161";"529"
"http://dbpedia.org/resource/Skyscraper_National_Park";"496";"244"
"http://dbpedia.org/resource/New_Amerykah_Part_Two_(Return_of_the_Ankh)";"2624";"1362"
"http://dbpedia.org/resource/Astro_Coast";"2406";"970"
"http://dbpedia.org/resource/At_My_Age";"262";"212"
"http://dbpedia.org/resource/Down_to_Earth_(Jem_album)";"130";"30"
"http://dbpedia.org/resource/The_Chemistry_of_Common_Life";"3106";"586"
"http://dbpedia.org/resource/Trinity_(Past,_Present_and_Future)";"979";"706"
"http://dbpedia.org/resource/Warmer_Corners";"250";"76"
"http://dbpedia.org/resource/Don't_Tread_on_Me_(album)";"457";"251"
"http://dbpedia.org/resource/The_Airing_of_Grievances";"1478";"560"
"http://dbpedia.org/resource/American_Capitalist";"437";"281"
"http://dbpedia.org/resource/Eyes_&_Nines";"744";"330"
"http://dbpedia.org/resource/Walk_It_Off";"528";"42"
"http://dbpedia.org/resource/Songs_from_Black_Mountain";"312";"48"
"http://dbpedia.org/resource/Night_Falls_Over_Kortedala";"2070";"646"
"http://dbpedia.org/resource/Surtur_Rising";"2460";"1060"
"http://dbpedia.org/resource/Since_We_Last_Spoke";"3518";"1346"
"http://dbpedia.org/resource/Scars_&_Stories";"220";"102"
"http://dbpedia.org/resource/A_Funk_Odyssey";"3583";"2728"
"http://dbpedia.org/resource/Drops_of_Jupiter";"902";"218"
"http://dbpedia.org/resource/Mouthfuls";"348";"130"
"http://dbpedia.org/resource/The_Magic_Position";"1001";"299"
"http://dbpedia.org/resource/Crazy_Ex-Girlfriend";"74";"4"
"http://dbpedia.org/resource/The_New_Game";"340";"106"
"http://dbpedia.org/resource/Rehearsing_My_Choir";"494";"110"
"http://dbpedia.org/resource/All_the_Lost_Souls";"822";"244"
"http://dbpedia.org/resource/Go_Now_and_Live";"100";"16"
"http://dbpedia.org/resource/Southern_Rock_Opera";"1820";"360"
"http://dbpedia.org/resource/Bonfires_on_the_Heath";"450";"210"
"http://dbpedia.org/resource/Regard_the_End";"222";"26"
"http://dbpedia.org/resource/Ta_det_lugnt";"2122";"1252"
"http://dbpedia.org/resource/Anniemal";"1632";"479"
"http://dbpedia.org/resource/Panic_Movement_(album)";"134";"20"
"http://dbpedia.org/resource/13_&_God_(album)";"1596";"406"
"http://dbpedia.org/resource/The_Monitor_(album)";"2750";"596"
"http://dbpedia.org/resource/Abattoir_Blues/The_Lyre_of_Orpheus";"0";"0"
"http://dbpedia.org/resource/Secrets_Are_Sinister";"67";"9"
"http://dbpedia.org/resource/Amarantine_(album)";"1162";"407"
"http://dbpedia.org/resource/One_Good_Thing";"0";"0"
"http://dbpedia.org/resource/The_Argument";"6438";"1472"
"http://dbpedia.org/resource/Arular";"4762";"1750"
"http://dbpedia.org/resource/Song_Yet_to_Be_Sung";"382";"46"
"http://dbpedia.org/resource/Music_of_the_Spheres_(Ian_Brown_album)";"1045";"418"
"http://dbpedia.org/resource/Mezmerize_(album)";"5474";"3274"
"http://dbpedia.org/resource/The_Lion's_Roar_(album)";"3937";"1100"
"http://dbpedia.org/resource/A_South_Bronx_Story";"3076";"1686"
"http://dbpedia.org/resource/Laugh_Now,_Cry_Later";"498";"182"
"http://dbpedia.org/resource/The_Alphabet_of_Hurricanes";"138";"30"
"http://dbpedia.org/resource/The_End_of_All_Things_to_Come";"970";"111"
"http://dbpedia.org/resource/Oceans_Apart";"900";"464"
"http://dbpedia.org/resource/Yankee_Hotel_Foxtrot";"11888";"4057"
"http://dbpedia.org/resource/03/07%E2%80%9309/07";"126";"20"
"http://dbpedia.org/resource/The_Decline_of_British_Sea_Power";"1676";"394"
"http://dbpedia.org/resource/8_Million_Stories";"1164";"348"
"http://dbpedia.org/resource/The_Black_Magic_Show";"144";"42"
"http://dbpedia.org/resource/Grand_Champ";"1104";"324"
"http://dbpedia.org/resource/Destroyer's_Rubies";"1922";"682"
"http://dbpedia.org/resource/David_Comes_to_Life";"3978";"534"
"http://dbpedia.org/resource/Neon_Bible";"15490";"5894"
"http://dbpedia.org/resource/Kill_the_Moonlight";"3392";"1066"
"http://dbpedia.org/resource/What_Were_You_Hoping_For%3F";"21";"7"
"http://dbpedia.org/resource/F.A.M.E._(album)";"122";"20"
"http://dbpedia.org/resource/Chosen_Lords";"2848";"870"
"http://dbpedia.org/resource/Songs_About_Girls";"304";"52"
"http://dbpedia.org/resource/What_Doesn't_Kill_You,_Eventually_Kills_You";"72";"28"
"http://dbpedia.org/resource/The_Wombats_Proudly_Present:_This_Modern_Glitch";"732";"542"
"http://dbpedia.org/resource/Someone_to_Watch_Over_Me_(album)";"64";"4"
"http://dbpedia.org/resource/Vespertine";"0";"0"
"http://dbpedia.org/resource/In_Rainbows";"34669";"11778"
"http://dbpedia.org/resource/OK_Cowboy";"3828";"1244"
"http://dbpedia.org/resource/Demon_Days";"9942";"15764"
"http://dbpedia.org/resource/Veckatimest";"7626";"2810"
"http://dbpedia.org/resource/The_Less_You_Know,_the_Better";"1766";"1059"
"http://dbpedia.org/resource/Switzerland_(album)";"184";"54"
"http://dbpedia.org/resource/Always_Outnumbered,_Never_Outgunned";"5945";"3593"
"http://dbpedia.org/resource/Brooklyn's_Don_Diva";"40";"16"
"http://dbpedia.org/resource/Mr._A%E2%80%93Z";"232";"65"
"http://dbpedia.org/resource/Dye_It_Blonde";"1488";"370"
"http://dbpedia.org/resource/Como_Ama_una_Mujer";"250";"44"
"http://dbpedia.org/resource/Estudando_o_Pagode";"0";"0"
"http://dbpedia.org/resource/Curse_Your_Branches";"1004";"218"
"http://dbpedia.org/resource/The_Impossible_Song_&_Other_Songs";"54";"12"
"http://dbpedia.org/resource/Fan_Dance_(album)";"86";"12"
"http://dbpedia.org/resource/The_Stage_Names";"2266";"300"
"http://dbpedia.org/resource/Street_Sweeper_Social_Club_(album)";"318";"160"
"http://dbpedia.org/resource/Someday_This_Could_All_Be_Yours,_Vol._1";"392";"76"
"http://dbpedia.org/resource/Red_Dirt_Road";"32";"0"
"http://dbpedia.org/resource/Underwater_Sunshine_(Or_What_We_Did_On_Our_Summer_Vacation)";"426";"174"
"http://dbpedia.org/resource/St._Elsewhere_(album)";"5310";"1617"
"http://dbpedia.org/resource/Hello_Waveforms";"432";"66"
"http://dbpedia.org/resource/Where_Shall_You_Take_Me%3F";"792";"196"
"http://dbpedia.org/resource/Shaman_(album)";"998";"272"
"http://dbpedia.org/resource/Peaceful,_the_World_Lays_Me_Down";"396";"120"
"http://dbpedia.org/resource/Lines,_Vines_and_Trying_Times";"68";"8"
"http://dbpedia.org/resource/Stay_Positive_(album)";"1534";"410"
"http://dbpedia.org/resource/Ringo_2012";"260";"74"
"http://dbpedia.org/resource/Arabia_Mountain_(album)";"2486";"1056"
"http://dbpedia.org/resource/Fits_(album)";"864";"246"
"http://dbpedia.org/resource/Human_Conditions";"1322";"229"
"http://dbpedia.org/resource/Mountain_Soul_II";"8";"2"
"http://dbpedia.org/resource/Some_Loud_Thunder";"1066";"206"
"http://dbpedia.org/resource/My_Maudlin_Career";"2204";"504"
"http://dbpedia.org/resource/You_Have_No_Idea_What_You're_Getting_Yourself_Into";"739";"381"
"http://dbpedia.org/resource/All_the_Right_Reasons";"942";"230"
"http://dbpedia.org/resource/Congotronics";"0";"0"
"http://dbpedia.org/resource/I_Am_a_Bird_Now";"6232";"1387"
"http://dbpedia.org/resource/Language._Sex._Violence._Other%3F";"1052";"389"
"http://dbpedia.org/resource/Unfamiliar_Faces";"210";"68"
"http://dbpedia.org/resource/Clear_as_Day";"24";"0"
"http://dbpedia.org/resource/Fasciinatiion";"918";"234"
"http://dbpedia.org/resource/Tomorrow's_World_(album)";"841";"305"
"http://dbpedia.org/resource/We_Sing._We_Dance._We_Steal_Things.";"910";"500"
"http://dbpedia.org/resource/America's_Sweetheart_(album)";"725";"142"
"http://dbpedia.org/resource/(a)spera";"312";"36"
"http://dbpedia.org/resource/Denies_the_Day's_Demise";"730";"383"
"http://dbpedia.org/resource/From_Here_We_Go_Sublime";"3193";"928"
"http://dbpedia.org/resource/We_Global";"42";"8"
"http://dbpedia.org/resource/The_Rainbow_Children";"1224";"1030"
"http://dbpedia.org/resource/An_Imaginary_Country";"1892";"830"
"http://dbpedia.org/resource/Sixes_&_Sevens";"310";"106"
"http://dbpedia.org/resource/2000_Years_of_Human_Error";"450";"7"
"http://dbpedia.org/resource/Now_You_Are_One_of_Us";"292";"164"
"http://dbpedia.org/resource/Rokstarr";"175";"50"
"http://dbpedia.org/resource/The_Open_Door";"1810";"448"
"http://dbpedia.org/resource/Guitar_Heaven:_The_Greatest_Guitar_Classics_of_All_Time";"236";"18"
"http://dbpedia.org/resource/Banga_(album)";"1173";"210"
"http://dbpedia.org/resource/Coquelicot_Asleep_in_the_Poppies:_A_Variety_of_Whimsical_Verse";"956";"428"
"http://dbpedia.org/resource/The_Strangest_Things";"358";"58"
"http://dbpedia.org/resource/Merriweather_Post_Pavilion_(album)";"14226";"5352"
"http://dbpedia.org/resource/Blue_Slide_Park";"517";"295"
"http://dbpedia.org/resource/L'Enfant_Sauvage_(album)";"2385";"1317"
"http://dbpedia.org/resource/Memphis_Blues_(album)";"338";"234"
"http://dbpedia.org/resource/Young_the_Giant_(album)";"914";"544"
"http://dbpedia.org/resource/WIXIW";"2318";"730"
"http://dbpedia.org/resource/Daybreak_(Saves_the_Day_album)";"474";"139"
"http://dbpedia.org/resource/Dignity_(album)";"362";"92"
"http://dbpedia.org/resource/Merry_Christmas_II_You";"361";"274"
"http://dbpedia.org/resource/On_Your_Sleeve";"90";"6"
"http://dbpedia.org/resource/Music_for_Courage_and_Confidence";"76";"5"
"http://dbpedia.org/resource/Leave_It_All_Behind_(album)";"336";"380"
"http://dbpedia.org/resource/Payable_on_Death";"520";"135"
"http://dbpedia.org/resource/Weapons_(album)";"232";"96"
"http://dbpedia.org/resource/Can't_Be_Tamed";"350";"72"
"http://dbpedia.org/resource/For_Emma,_Forever_Ago";"20363";"7429"
"http://dbpedia.org/resource/Public_Strain";"1414";"562"
"http://dbpedia.org/resource/Exit_13";"200";"72"
"http://dbpedia.org/resource/Home_Sweet_Home_(Kano_album)";"360";"214"
"http://dbpedia.org/resource/Be_Still_Please";"80";"20"
"http://dbpedia.org/resource/Laws_of_Illusion";"396";"28"
"http://dbpedia.org/resource/Autumn_of_the_Seraphs";"1418";"350"
"http://dbpedia.org/resource/Escondida_(album)";"408";"238"
"http://dbpedia.org/resource/Sir_Lucious_Left_Foot:_The_Son_of_Chico_Dusty";"2344";"376"
"http://dbpedia.org/resource/Big_Bad_World";"104";"32"
"http://dbpedia.org/resource/White_Chalk";"4648";"1538"
"http://dbpedia.org/resource/The_Glass_Bead_Game_(album)";"544";"252"
"http://dbpedia.org/resource/14_Shades_of_Grey";"666";"86"
"http://dbpedia.org/resource/Dead_Cities,_Red_Seas_&_Lost_Ghosts";"3996";"2114"
"http://dbpedia.org/resource/Source_Tags_&_Codes";"3592";"1378"
"http://dbpedia.org/resource/Orphans:_Brawlers,_Bawlers_&_Bastards";"4198";"2184"
"http://dbpedia.org/resource/Pocket_Symphony";"4400";"1416"
"http://dbpedia.org/resource/The_Last_Kiss_(album)";"154";"52"
"http://dbpedia.org/resource/The_World_I_Want_to_Leave_Behind";"174";"86"
"http://dbpedia.org/resource/Ramble_at_the_Ryman";"156";"102"
"http://dbpedia.org/resource/The_First_of_the_Microbe_Hunters";"1760";"598"
"http://dbpedia.org/resource/Clothes_Drop";"142";"27"
"http://dbpedia.org/resource/Dead_Media";"410";"120"
"http://dbpedia.org/resource/Human_After_All";"9622";"7031"
"http://dbpedia.org/resource/Ocean_Eyes";"1054";"430"
"http://dbpedia.org/resource/Reggie_(album)";"143";"76"
"http://dbpedia.org/resource/Love,_Hate_and_Then_There's_You";"298";"60"
"http://dbpedia.org/resource/Christmas_in_the_Heart";"1308";"418"
"http://dbpedia.org/resource/Clap_Your_Hands_Say_Yeah_(album)";"3588";"1012"
"http://dbpedia.org/resource/Awfully_Deep";"2001";"357"
"http://dbpedia.org/resource/Wild_Ones_(album)";"201";"83"
"http://dbpedia.org/resource/Saints_of_Los_Angeles";"1058";"251"
"http://dbpedia.org/resource/Silence_Is_Sexy";"0";"0"
"http://dbpedia.org/resource/The_Long_Road";"756";"136"
"http://dbpedia.org/resource/Bunkka";"1600";"271"
"http://dbpedia.org/resource/Stephen_Malkmus_(album)";"1967";"883"
"http://dbpedia.org/resource/I_Was_Trying_to_Describe_You_to_Someone";"652";"132"
"http://dbpedia.org/resource/Year_of_the_Dog..._Again";"556";"98"
"http://dbpedia.org/resource/Death_Is_This_Communion";"2664";"1630"
"http://dbpedia.org/resource/Stories_from_the_City,_Stories_from_the_Sea";"6680";"3776"
"http://dbpedia.org/resource/Universal_Mind_Control";"1021";"278"
"http://dbpedia.org/resource/Next_Big_Thing";"22";"0"
"http://dbpedia.org/resource/Monday_at_the_Hug_&_Pint";"1584";"449"
"http://dbpedia.org/resource/Histoire_de_Melody_Nelson";"9428";"11204"
"http://dbpedia.org/resource/One_Plus_One_Is_One";"1108";"128"
"http://dbpedia.org/resource/Cast_of_Thousands";"1760";"635"
"http://dbpedia.org/resource/Whokill";"0";"0"
"http://dbpedia.org/resource/Bring_on_the_Comets";"242";"38"
"http://dbpedia.org/resource/East_of_Eden_(album)";"384";"88"
"http://dbpedia.org/resource/Every_Man_for_Himself_(album)";"232";"14"
"http://dbpedia.org/resource/Sweet_7";"198";"38"
"http://dbpedia.org/resource/Secret_South";"1770";"846"
"http://dbpedia.org/resource/Live_at_Shea_Stadium";"2220";"563"
"http://dbpedia.org/resource/Bad_(album)";"1770";"1644"
"http://dbpedia.org/resource/Blood_Mountain_(album)";"9059";"4734"
"http://dbpedia.org/resource/Ice_Cream_Spiritual";"344";"132"
"http://dbpedia.org/resource/Overpowered";"3322";"2264"
"http://dbpedia.org/resource/Land_Air_Sea";"98";"4"
"http://dbpedia.org/resource/No_Baggage";"171";"67"
"http://dbpedia.org/resource/J.Lo_(album)";"1201";"474"
"http://dbpedia.org/resource/Greatest_Hits:_The_Evidence";"276";"32"
"http://dbpedia.org/resource/Broken_Social_Scene_(album)";"3658";"1350"
"http://dbpedia.org/resource/What_Is_Love%3F_(album)";"76";"90"
"http://dbpedia.org/resource/Doin'_It_Again";"16";"4"
"http://dbpedia.org/resource/American_Gangster_(album)";"1557";"677"
"http://dbpedia.org/resource/The_Mess_We_Made";"640";"218"
"http://dbpedia.org/resource/Halcyon_Digest";"7794";"2166"
"http://dbpedia.org/resource/Wild_Mountain_Nation_(album)";"478";"115"
"http://dbpedia.org/resource/Love,_Shelby";"187";"2"
"http://dbpedia.org/resource/O.N.I.F.C.";"350";"208"
"http://dbpedia.org/resource/Rising_Down";"2782";"736"
"http://dbpedia.org/resource/Castle_Talk_(album)";"628";"186"
"http://dbpedia.org/resource/Rotten_Apple_(album)";"362";"76"
"http://dbpedia.org/resource/Three_Fact_Fader";"212";"54"
"http://dbpedia.org/resource/Icky_Thump";"14847";"6015"
"http://dbpedia.org/resource/The_Sellout";"117";"17"
"http://dbpedia.org/resource/Help_Wanted_Nights";"560";"98"
"http://dbpedia.org/resource/%22V%22_Is_for_Vagina";"1416";"1041"
"http://dbpedia.org/resource/Late_Registration";"7171";"5207"
"http://dbpedia.org/resource/Morph_the_Cat";"1068";"454"
"http://dbpedia.org/resource/The_Midnight_Organ_Fight";"1760";"964"
"http://dbpedia.org/resource/Sam_Sparro_(album)";"460";"46"
"http://dbpedia.org/resource/Life_in_a_Beautiful_Light";"328";"96"
"http://dbpedia.org/resource/Authenticity_(Foreign_Exchange_album)";"258";"142"
"http://dbpedia.org/resource/Conatus_(album)";"2508";"866"
"http://dbpedia.org/resource/The_Flying_Club_Cup";"5636";"2061"
"http://dbpedia.org/resource/Love_Notes/Letter_Bombs";"96";"44"
"http://dbpedia.org/resource/Can_Our_Love...";"1496";"422"
"http://dbpedia.org/resource/Bad_as_Me";"6688";"1384"
"http://dbpedia.org/resource/I_Am_the_Fun_Blame_Monster!";"578";"736"
"http://dbpedia.org/resource/This_Is_My_Demo";"362";"78"
"http://dbpedia.org/resource/Slash_(album)";"2218";"902"
"http://dbpedia.org/resource/Wounded_Rhymes";"2421";"1955"
"http://dbpedia.org/resource/Minutes_to_Midnight_(album)";"3408";"1548"
"http://dbpedia.org/resource/The_Tigers_Have_Spoken";"760";"408"
"http://dbpedia.org/resource/Vulnerable_(Tricky_album)";"1701";"386"
"http://dbpedia.org/resource/Is_the_World_Strange_or_Am_I_Strange%3F";"7";"1"
"http://dbpedia.org/resource/Maraqopa";"1164";"361"
"http://dbpedia.org/resource/Central_Reservation_(album)";"3343";"912"
"http://dbpedia.org/resource/Devils_&_Dust";"2179";"716"
"http://dbpedia.org/resource/Endlessly_(album)";"510";"62"
"http://dbpedia.org/resource/Taking_Chances";"834";"238"
"http://dbpedia.org/resource/Andrew_Bird_&_the_Mysterious_Production_of_Eggs";"2062";"856"
"http://dbpedia.org/resource/Commencement_(album)";"348";"86"
"http://dbpedia.org/resource/Asleep_in_the_Bread_Aisle";"146";"20"
"http://dbpedia.org/resource/Fearless_Love";"34";"0"
"http://dbpedia.org/resource/Psychic_Chasms";"1576";"2006"
"http://dbpedia.org/resource/This_Right_Here_Is_Buck_65";"496";"234"
"http://dbpedia.org/resource/What_I_Do";"32";"2"
"http://dbpedia.org/resource/Lesser_Matters";"1476";"1140"
"http://dbpedia.org/resource/The_Great_Escape_Artist";"924";"262"
"http://dbpedia.org/resource/Lord_of_the_Birdcage";"196";"24"
"http://dbpedia.org/resource/Geogaddi";"21384";"9497"
"http://dbpedia.org/resource/Writers_Without_Homes";"634";"106"
"http://dbpedia.org/resource/Love_vs._Money";"0";"0"
"http://dbpedia.org/resource/Graffiti_Soul";"601";"176"
"http://dbpedia.org/resource/Transference_(album)";"2712";"556"
"http://dbpedia.org/resource/Saturday_Nights_&_Sunday_Mornings";"380";"70"
"http://dbpedia.org/resource/Sound_of_Water";"1717";"353"
"http://dbpedia.org/resource/The_Incredible_Machine_(album)";"122";"20"
"http://dbpedia.org/resource/Burn_Your_Town";"104";"12"
"http://dbpedia.org/resource/Quarantine_the_Past:_The_Best_of_Pavement";"2460";"404"
"http://dbpedia.org/resource/Black_Up";"2978";"1092"
"http://dbpedia.org/resource/See_My_Friends_(album)";"172";"40"
"http://dbpedia.org/resource/Love_Is_a_Four_Letter_Word_(album)";"246";"90"
"http://dbpedia.org/resource/Splinter_(The_Offspring_album)";"1485";"778"
"http://dbpedia.org/resource/Disconnection_Notice";"84";"16"
"http://dbpedia.org/resource/Red_River_Blue";"20";"2"
"http://dbpedia.org/resource/The_Path_of_Totality";"822";"264"
"http://dbpedia.org/resource/My_Bloody_Underground";"924";"378"
"http://dbpedia.org/resource/Devil's_Music";"104";"38"
"http://dbpedia.org/resource/The_ArchAndroid";"0";"0"
"http://dbpedia.org/resource/Celebration_Rock";"5414";"1304"
"http://dbpedia.org/resource/The_College_Dropout";"10237";"6061"
"http://dbpedia.org/resource/The_Unforgiving";"1278";"652"
"http://dbpedia.org/resource/Look_What_You_Made_Me";"3";"0"
"http://dbpedia.org/resource/Good_News_for_People_Who_Love_Bad_News";"12816";"4257"
"http://dbpedia.org/resource/Sung_Tongs";"5018";"2840"
"http://dbpedia.org/resource/Casino_Twilight_Dogs";"78";"18"
"http://dbpedia.org/resource/Magnificent_City";"937";"400"
"http://dbpedia.org/resource/Unglamorous";"46";"2"
"http://dbpedia.org/resource/Abnormally_Attracted_to_Sin";"1563";"429"
"http://dbpedia.org/resource/Civilian_(Wye_Oak_album)";"1426";"420"
"http://dbpedia.org/resource/Anywhere_I_Lay_My_Head";"1072";"284"
"http://dbpedia.org/resource/Rascalize";"334";"166"
"http://dbpedia.org/resource/I_Love_You_Dude";"788";"274"
"http://dbpedia.org/resource/Seek_Magic";"929";"600"
"http://dbpedia.org/resource/Ancient_Melodies_of_the_Future";"1562";"814"
"http://dbpedia.org/resource/The_Meadowlands_(album)";"928";"544"
"http://dbpedia.org/resource/We_the_Best_Forever";"11";"7"
"http://dbpedia.org/resource/Exploding_Head";"2308";"866"
"http://dbpedia.org/resource/The_Magic_Place";"922";"348"
"http://dbpedia.org/resource/The_New_Classic";"508";"360"
"http://dbpedia.org/resource/Coming_Back_to_You";"12";"2"
"http://dbpedia.org/resource/Think_Tank_(Blur_album)";"5598";"2094"
"http://dbpedia.org/resource/Night_on_Fire";"1016";"208"
"http://dbpedia.org/resource/Slow_Motion_Daydream";"244";"28"
"http://dbpedia.org/resource/Oh_My_God,_Charlie_Darwin";"1000";"226"
"http://dbpedia.org/resource/Around_the_Sun";"2774";"796"
"http://dbpedia.org/resource/Red_Letter_Days_(album)";"268";"118"
"http://dbpedia.org/resource/Up_on_the_Ridge";"86";"20"
"http://dbpedia.org/resource/Sometimes_the_Blues_Is_Just_a_Passing_Bird";"1648";"388"
"http://dbpedia.org/resource/Hopes_and_Fears";"3636";"1662"
"http://dbpedia.org/resource/Clancy's_Tavern";"26";"0"
"http://dbpedia.org/resource/No_Boys_Allowed";"114";"10"
"http://dbpedia.org/resource/Lucky_Old_Sun";"27";"2"
"http://dbpedia.org/resource/Let's_Stay_Friends";"1036";"878"
"http://dbpedia.org/resource/Time_to_Die";"610";"114"
"http://dbpedia.org/resource/World_Wide_Rebel_Songs";"200";"54"
"http://dbpedia.org/resource/BAYTL";"20";"6"
"http://dbpedia.org/resource/Infiniheart";"548";"250"
"http://dbpedia.org/resource/Our_Shadows_Will_Remain";"468";"84"
"http://dbpedia.org/resource/The_Isness";"481";"119"
"http://dbpedia.org/resource/Forever_the_Sickest_Kids_(album)";"40";"28"
"http://dbpedia.org/resource/Rings_Around_the_World";"2062";"1208"
"http://dbpedia.org/resource/Boxer_(album)";"11360";"2948"
"http://dbpedia.org/resource/Everybody_Wants_to_Be_on_TV";"81";"4"
"http://dbpedia.org/resource/Armchair_Apocrypha";"2804";"664"
"http://dbpedia.org/resource/Ghost_to_a_Ghost/Gutter_Town";"99";"9"
"http://dbpedia.org/resource/I'm_Wide_Awake,_It's_Morning";"8509";"2262"
"http://dbpedia.org/resource/Destiny_Fulfilled";"757";"83"
"http://dbpedia.org/resource/Tomahawk_Technique";"74";"8"
"http://dbpedia.org/resource/Going_Out_in_Style";"1612";"460"
"http://dbpedia.org/resource/Helplessness_Blues";"12798";"3648"
"http://dbpedia.org/resource/Glass_Floor";"556";"178"
"http://dbpedia.org/resource/Fishin'_for_Woos";"112";"52"
"http://dbpedia.org/resource/New_Earth_Mud";"244";"12"
"http://dbpedia.org/resource/Feel_That_Fire";"16";"0"
"http://dbpedia.org/resource/Penance_Soiree";"438";"194"
"http://dbpedia.org/resource/Crunk_Rock";"42";"12"
"http://dbpedia.org/resource/Here_We_Stand_(The_Fratellis_album)";"602";"360"
"http://dbpedia.org/resource/Under_Rug_Swept";"1868";"238"
"http://dbpedia.org/resource/Actor_(album)";"4222";"1674"
"http://dbpedia.org/resource/Out_of_the_Vein";"494";"180"
"http://dbpedia.org/resource/Return_to_the_Sea";"934";"418"
"http://dbpedia.org/resource/Shwayze_(album)";"90";"124"
"http://dbpedia.org/resource/Four_the_Record";"62";"8"
"http://dbpedia.org/resource/At_the_End_of_Paths_Taken";"136";"14"
"http://dbpedia.org/resource/Do_Rabbits_Wonder%3F";"756";"260"
"http://dbpedia.org/resource/Paralytic_Stalks";"1704";"510"
"http://dbpedia.org/resource/Year_of_Meteors";"486";"158"
"http://dbpedia.org/resource/ONoffON";"934";"234"
"http://dbpedia.org/resource/Farmer's_Daughter_(album)";"8";"0"
"http://dbpedia.org/resource/Under_the_Boards";"628";"372"
"http://dbpedia.org/resource/Eats_Darkness";"124";"12"
"http://dbpedia.org/resource/I_Am..._Sasha_Fierce";"1459";"514"
"http://dbpedia.org/resource/Bowie_at_the_Beeb";"2347";"766"
"http://dbpedia.org/resource/The_Covers_Record";"2838";"782"
"http://dbpedia.org/resource/Goddess_in_the_Doorway";"0";"0"
"http://dbpedia.org/resource/Cosmogramma";"11879";"7027"
"http://dbpedia.org/resource/Bloodless_Coup";"70";"10"
"http://dbpedia.org/resource/The_Adventures_of_Ghosthorse_and_Stillborn";"1989";"611"
"http://dbpedia.org/resource/Sha-Kon-O-Hey!_Land_of_Blue_Smoke";"313";"77"
"http://dbpedia.org/resource/I_Am_the_West";"96";"21"
"http://dbpedia.org/resource/I_Am_Me";"159";"13"
"http://dbpedia.org/resource/Ghetto_Postage";"136";"28"
"http://dbpedia.org/resource/Way_to_Normal";"796";"352"
"http://dbpedia.org/resource/Unto_the_Locust";"2035";"642"
"http://dbpedia.org/resource/I_Created_Disco";"1252";"897"
"http://dbpedia.org/resource/Mine_Is_Yours";"1046";"302"
"http://dbpedia.org/resource/Blinking_Lights_and_Other_Revelations";"2003";"706"
"http://dbpedia.org/resource/Sale_el_Sol";"399";"138"
"http://dbpedia.org/resource/Tear_the_World_Down";"202";"48"
"http://dbpedia.org/resource/Travistan";"54";"2"
"http://dbpedia.org/resource/I_Learned_the_Hard_Way";"3592";"905"
"http://dbpedia.org/resource/Rook_(album)";"1025";"202"
"http://dbpedia.org/resource/Seasons_of_My_Soul";"596";"105"
"http://dbpedia.org/resource/Daniel_Powter_(album)";"12";"4"
"http://dbpedia.org/resource/3_Words";"488";"96"
"http://dbpedia.org/resource/Golden_Delicious_(album)";"68";"0"
"http://dbpedia.org/resource/Crazy_Clown_Time";"1982";"1296"
"http://dbpedia.org/resource/Tropical_Storm_(album)";"230";"46"
"http://dbpedia.org/resource/Crown_and_Treaty_(album)";"60";"28"
"http://dbpedia.org/resource/Goodbye_Alice_in_Wonderland";"200";"18"
"http://dbpedia.org/resource/The_Age_of_Adz";"4924";"1354"
"http://dbpedia.org/resource/A_Little_Deeper";"930";"476"
"http://dbpedia.org/resource/Special_Affections";"286";"54"
"http://dbpedia.org/resource/Man_vs._Machine";"1033";"228"
"http://dbpedia.org/resource/Seal_(2003_album)";"680";"382"
"http://dbpedia.org/resource/Down_in_Albion";"2194";"972"
"http://dbpedia.org/resource/Divided_by_Night";"545";"290"
"http://dbpedia.org/resource/Identified";"60";"16"
"http://dbpedia.org/resource/More_Heart_Than_Brains";"372";"94"
"http://dbpedia.org/resource/Mwng";"1294";"518"
"http://dbpedia.org/resource/Vices_&_Virtues";"584";"750"
"http://dbpedia.org/resource/Lucky_Shiner";"2006";"1206"
"http://dbpedia.org/resource/Songs_in_Red_and_Gray";"475";"31"
"http://dbpedia.org/resource/Diotima_(album)";"854";"404"
"http://dbpedia.org/resource/A_Little_More_Personal_(Raw)";"206";"44"
"http://dbpedia.org/resource/Quantic_&_Alice_Russell:_Look_Around_The_Corner";"1280";"812"
"http://dbpedia.org/resource/Nuclear_Daydream";"242";"74"
"http://dbpedia.org/resource/Custom_Built_(album)";"12";"2"
"http://dbpedia.org/resource/Lift_Your_Skinny_Fists_Like_Antennas_to_Heaven";"16456";"6023"
"http://dbpedia.org/resource/Welcome_to_Mali";"584";"298"
"http://dbpedia.org/resource/Primary_Colours_(album)";"3164";"1026"
"http://dbpedia.org/resource/Silent_Movies";"67";"20"
"http://dbpedia.org/resource/Bright_Yellow_Bright_Orange";"750";"272"
"http://dbpedia.org/resource/Slave_Ambient";"3792";"1108"
"http://dbpedia.org/resource/Uncle_Dysfunktional";"384";"106"
"http://dbpedia.org/resource/Let_Them_Talk";"1058";"352"
"http://dbpedia.org/resource/Fleet_Foxes_(EP)";"18618";"5518"
"http://dbpedia.org/resource/Dumb_Luck_(album)";"805";"199"
"http://dbpedia.org/resource/Airtight's_Revenge";"286";"116"
"http://dbpedia.org/resource/All_Is_Dream";"2590";"405"
"http://dbpedia.org/resource/Kish_Kash";"2470";"412"
"http://dbpedia.org/resource/15_Again";"700";"433"
"http://dbpedia.org/resource/Trill_OG";"148";"64"
"http://dbpedia.org/resource/Euphoric_Heartbreak";"732";"98"
"http://dbpedia.org/resource/Begin_to_Hope";"1773";"1370"
"http://dbpedia.org/resource/School_of_the_Flower";"1682";"282"
"http://dbpedia.org/resource/All_at_Once_(album)";"154";"18"
"http://dbpedia.org/resource/End_Titles..._Stories_for_Film";"1348";"476"
"http://dbpedia.org/resource/Fly_Yellow_Moon";"128";"50"
"http://dbpedia.org/resource/The_Fabled_City";"181";"54"
"http://dbpedia.org/resource/The_Lost_Tapes";"1800";"684"
"http://dbpedia.org/resource/A_Stranger_Here";"18";"2"
"http://dbpedia.org/resource/Stankonia";"10265";"6439"
"http://dbpedia.org/resource/The_Temper_Trap_EP";"505";"221"
"http://dbpedia.org/resource/Billy_Talent_III";"708";"454"
"http://dbpedia.org/resource/The_Complex_(album)";"522";"56"
"http://dbpedia.org/resource/Ga_Ga_Ga_Ga_Ga";"4915";"1262"
"http://dbpedia.org/resource/Who_Killed_Sgt._Pepper%3F";"924";"376"
"http://dbpedia.org/resource/Made_in_China_(album)";"56";"6"
"http://dbpedia.org/resource/Golden_Lies";"146";"56"
"http://dbpedia.org/resource/You_in_Reverse";"2418";"696"
"http://dbpedia.org/resource/Radio_Retaliation";"1512";"1087"
"http://dbpedia.org/resource/Hotel_Paper";"317";"39"
"http://dbpedia.org/resource/Brett_Anderson_(album)";"373";"43"
"http://dbpedia.org/resource/Enemies_Like_This";"626";"84"
"http://dbpedia.org/resource/Birds_of_Pray";"587";"44"
"http://dbpedia.org/resource/Feel_the_Steel";"1223";"411"
"http://dbpedia.org/resource/I'll_Be_Lightning";"492";"124"
"http://dbpedia.org/resource/Dead_Son_Rising";"416";"212"
"http://dbpedia.org/resource/Easy_Wonderful";"196";"100"
"http://dbpedia.org/resource/I_Am_Shelby_Lynne";"398";"38"
"http://dbpedia.org/resource/The_Magnificent_Tree";"1486";"576"
"http://dbpedia.org/resource/The_Suburbs_(album)";"20188";"8301"
"http://dbpedia.org/resource/Overexposed_(album)";"460";"571"
"http://dbpedia.org/resource/Crossing_the_Rubicon_(The_Sounds_album)";"438";"230"
"http://dbpedia.org/resource/Internal_Wrangler";"1262";"686"
"http://dbpedia.org/resource/The_Bridge_(Concept_of_a_Culture)";"228";"124"
"http://dbpedia.org/resource/The_Greatest_Story_Never_Told";"149";"62"
"http://dbpedia.org/resource/Regifted_Light";"128";"46"
"http://dbpedia.org/resource/The_Creek_Drank_the_Cradle";"4246";"932"
"http://dbpedia.org/resource/Amputechture";"5862";"2708"
"http://dbpedia.org/resource/Mass_Romantic";"2038";"500"
"http://dbpedia.org/resource/Don't_Give_Up_on_Me";"910";"462"
"http://dbpedia.org/resource/Metals_(album)";"3970";"1020"
"http://dbpedia.org/resource/The_Way_the_Wind_Blows";"594";"186"
"http://dbpedia.org/resource/Monsters_of_Folk_(album)";"1732";"578"
"http://dbpedia.org/resource/Satan's_Circus";"1008";"440"
"http://dbpedia.org/resource/Up_to_Now";"842";"138"
"http://dbpedia.org/resource/Hot_Sauce_Committee_Part_Two";"367";"73"
"http://dbpedia.org/resource/Welcome_to_the_Dollhouse_(album)";"76";"30"
"http://dbpedia.org/resource/Fork_in_the_Road";"1124";"352"
"http://dbpedia.org/resource/Heathen_Chemistry";"3564";"1488"
"http://dbpedia.org/resource/The_Fire_Theft_(album)";"332";"26"
"http://dbpedia.org/resource/Last_Days_of_Wonder";"182";"26"
"http://dbpedia.org/resource/Alter_the_Ending";"276";"170"
"http://dbpedia.org/resource/White_Lilies_Island";"604";"41"
"http://dbpedia.org/resource/The_Devil's_Rain_(album)";"798";"610"
"http://dbpedia.org/resource/Stupid_Love";"36";"12"
"http://dbpedia.org/resource/Post-War";"1852";"326"
"http://dbpedia.org/resource/Gulag_Orkestar";"5824";"1706"
"http://dbpedia.org/resource/Grinderman_2";"12287";"2803"
"http://dbpedia.org/resource/Transcendental_Youth";"1284";"368"
"http://dbpedia.org/resource/5.0";"79";"46"
"http://dbpedia.org/resource/Funstyle";"110";"24"
"http://dbpedia.org/resource/A_Piece_of_What_You_Need";"108";"2"
"http://dbpedia.org/resource/Twin_Cinema";"2102";"592"
"http://dbpedia.org/resource/The_Lemon_of_Pink";"2070";"1228"
"http://dbpedia.org/resource/Invincible_Summer";"313";"71"
"http://dbpedia.org/resource/All_of_a_Sudden_I_Miss_Everyone";"7070";"3060"
"http://dbpedia.org/resource/Elephant_(album)";"25430";"14789"
"http://dbpedia.org/resource/Wonders_of_the_Younger";"32";"4"
"http://dbpedia.org/resource/Yanqui_U.X.O.";"10904";"2914"
"http://dbpedia.org/resource/Take_a_Look_in_the_Mirror";"2887";"864"
"http://dbpedia.org/resource/Legion_of_Boom";"1158";"508"
"http://dbpedia.org/resource/Because_We_Hate_You";"94";"4"
"http://dbpedia.org/resource/Pyramid_Electric_Co.";"1346";"288"
"http://dbpedia.org/resource/Underclass_Hero";"417";"66"
"http://dbpedia.org/resource/The_Money_Store_(album)";"7834";"4394"
"http://dbpedia.org/resource/This_Is_a_Fix";"98";"36"
"http://dbpedia.org/resource/The_Evening_of_My_Best_Day";"242";"50"
"http://dbpedia.org/resource/Getting_Away_with_Murder_(album)";"668";"150"
"http://dbpedia.org/resource/Love_Me_Back_(album)";"21";"6"
"http://dbpedia.org/resource/Make_a_Scene";"380";"158"
"http://dbpedia.org/resource/Clash_Battle_Guilt_Pride";"994";"202"
"http://dbpedia.org/resource/Invisible_Cinema";"78";"16"
"http://dbpedia.org/resource/Lions_(album)";"1077";"592"
"http://dbpedia.org/resource/Testimony:_Vol._1,_Life_&_Relationship";"242";"92"
"http://dbpedia.org/resource/Five_Serpent's_Teeth";"386";"112"
"http://dbpedia.org/resource/The_Obliterati";"858";"214"
"http://dbpedia.org/resource/@Reverend_Makers";"48";"14"
"http://dbpedia.org/resource/In_the_Key_of_Disney";"70";"10"
"http://dbpedia.org/resource/A.D.D._(Audio_Day_Dream)";"94";"4"
"http://dbpedia.org/resource/Theology_(album)";"0";"0"
"http://dbpedia.org/resource/Empros";"2902";"802"
"http://dbpedia.org/resource/Mi_Reflejo";"334";"136"
"http://dbpedia.org/resource/Legendary_Weapons";"188";"58"
"http://dbpedia.org/resource/Meteora_(album)";"5767";"4077"
"http://dbpedia.org/resource/Get_the_Picture%3F_(Smash_Mouth_album)";"76";"12"
"http://dbpedia.org/resource/Idiology";"2392";"634"
"http://dbpedia.org/resource/X_Marks_Destination";"396";"148"
"http://dbpedia.org/resource/Elk-Lake_Serenade";"350";"156"
"http://dbpedia.org/resource/The_Time_of_Our_Lives_(EP)";"0";"0"
"http://dbpedia.org/resource/Speakerboxxx/The_Love_Below";"9390";"4298"
"http://dbpedia.org/resource/Welcome_Back_(Mase_album)";"429";"73"
"http://dbpedia.org/resource/Soul_Caddy";"60";"18"
"http://dbpedia.org/resource/Mink_Car";"378";"76"
"http://dbpedia.org/resource/Hologram_Jams";"190";"34"
"http://dbpedia.org/resource/100_Days,_100_Nights";"3882";"1050"
"http://dbpedia.org/resource/Party_Music";"745";"397"
"http://dbpedia.org/resource/American_III:_Solitary_Man";"8384";"3930"
"http://dbpedia.org/resource/Seven_Swans";"4358";"1740"
"http://dbpedia.org/resource/Why_Should_the_Fire_Die%3F";"400";"158"
"http://dbpedia.org/resource/Hell_on_Heels";"280";"62"
"http://dbpedia.org/resource/Fall_Heads_Roll";"1454";"654"
"http://dbpedia.org/resource/The_Mirror_Explodes";"470";"106"
"http://dbpedia.org/resource/ObZen";"2462";"1531"
"http://dbpedia.org/resource/Hey_Hey_My_My_Yo_Yo";"276";"236"
"http://dbpedia.org/resource/Second_Chance_(album)";"34";"10"
"http://dbpedia.org/resource/The_Sea_of_Memories";"407";"181"
"http://dbpedia.org/resource/Summer_of_the_Shark_(album)";"200";"26"
"http://dbpedia.org/resource/Everything_to_Everyone";"280";"12"
"http://dbpedia.org/resource/100_Proof_(album)";"8";"2"
"http://dbpedia.org/resource/A_Chance_to_Cut_Is_a_Chance_to_Cure";"1794";"460"
"http://dbpedia.org/resource/Laulu_Laakson_Kukista";"642";"302"
"http://dbpedia.org/resource/Nostradamus_(album)";"1942";"420"
"http://dbpedia.org/resource/Mad_for_Sadness";"762";"388"
"http://dbpedia.org/resource/Antics_(album)";"9948";"3202"
"http://dbpedia.org/resource/Client_(album)";"994";"465"
"http://dbpedia.org/resource/Alphabutt";"259";"43"
"http://dbpedia.org/resource/Lookaftering";"1120";"562"
"http://dbpedia.org/resource/Brooklynati";"27";"12"
"http://dbpedia.org/resource/Transcendental_Blues";"636";"248"
"http://dbpedia.org/resource/Chutes_Too_Narrow";"8780";"2588"
"http://dbpedia.org/resource/Blue_Boy_(album)";"268";"52"
"http://dbpedia.org/resource/The_Evangelist";"368";"264"
"http://dbpedia.org/resource/Flashy";"234";"108"
"http://dbpedia.org/resource/R&G_(Rhythm_&_Gangsta):_The_Masterpiece";"0";"0"
"http://dbpedia.org/resource/Rainwater_Cassette_Exchange";"2042";"456"
"http://dbpedia.org/resource/St._Jude_(album)";"440";"534"
"http://dbpedia.org/resource/Our_Endless_Numbered_Days";"7610";"1662"
"http://dbpedia.org/resource/Bang_Bang_Rock_&_Roll";"2122";"590"
"http://dbpedia.org/resource/Trilla";"257";"109"
"http://dbpedia.org/resource/Remind_Me_Where_the_Light_Is";"56";"10"
"http://dbpedia.org/resource/Confessions_on_a_Dance_Floor";"5693";"2388"
"http://dbpedia.org/resource/Takk...";"0";"0"
"http://dbpedia.org/resource/Transfiguration_of_Vincent";"1246";"566"
"http://dbpedia.org/resource/Xenophanes_(album)";"800";"344"
"http://dbpedia.org/resource/The_Milk_of_Human_Kindness";"2004";"1120"
"http://dbpedia.org/resource/Fall_Be_Kind";"0";"0"
"http://dbpedia.org/resource/Strangeland_(album)";"1054";"342"
"http://dbpedia.org/resource/Humming_by_the_Flowered_Vine";"250";"56"
"http://dbpedia.org/resource/Do_You_Like_Rock_Music%3F";"1088";"184"
"http://dbpedia.org/resource/A_Rush_of_Blood_to_the_Head";"15401";"5095"
"http://dbpedia.org/resource/Candylion";"710";"324"
"http://dbpedia.org/resource/James_Blake_(album)";"9147";"3961"
"http://dbpedia.org/resource/Under_Cold_Blue_Stars";"236";"6"
"http://dbpedia.org/resource/Backspacer";"7440";"1346"
"http://dbpedia.org/resource/Spirit_Moves";"0";"0"
"http://dbpedia.org/resource/Lessons_in_Love_(Lloyd_album)";"26";"2"
"http://dbpedia.org/resource/This_Delicate_Thing_We've_Made";"206";"64"
"http://dbpedia.org/resource/Mechanical_Wonder";"383";"118"
"http://dbpedia.org/resource/Better_Than_Heavy";"125";"38"
"http://dbpedia.org/resource/Letters_from_the_Underground";"160";"86"
"http://dbpedia.org/resource/Waiting_for_the_Sirens'_Call";"7445";"2488"
"http://dbpedia.org/resource/Down_the_Way";"1486";"1484"
"http://dbpedia.org/resource/In_Rape_Fantasy_and_Terror_Sex_We_Trust";"82";"30"
"http://dbpedia.org/resource/Borrowed_Heaven";"486";"50"
"http://dbpedia.org/resource/Types_of_Wood";"92";"56"
"http://dbpedia.org/resource/World_Without_Tears";"1270";"179"
"http://dbpedia.org/resource/The_Crying_Light";"3448";"900"
"http://dbpedia.org/resource/A_Dramatic_Turn_of_Events";"2156";"648"
"http://dbpedia.org/resource/Universal_Audio_(album)";"530";"104"
"http://dbpedia.org/resource/The_Senior";"158";"46"
"http://dbpedia.org/resource/Last_2_Walk";"204";"140"
"http://dbpedia.org/resource/The_Crane_Wife";"3874";"1011"
"http://dbpedia.org/resource/Avatar_(Comets_on_Fire_album)";"1514";"246"
"http://dbpedia.org/resource/604_(album)";"2956";"1260"
"http://dbpedia.org/resource/Soulbook";"112";"16"
"http://dbpedia.org/resource/Lowedges";"620";"380"
"http://dbpedia.org/resource/Killing_Puritans";"1673";"361"
"http://dbpedia.org/resource/The_Royal_Society_(album)";"206";"38"
"http://dbpedia.org/resource/New_Brigade";"2606";"1441"
"http://dbpedia.org/resource/Rule_3:36";"462";"116"
"http://dbpedia.org/resource/Bitchin'";"790";"190"
"http://dbpedia.org/resource/7th_Symphony_(album)";"900";"220"
"http://dbpedia.org/resource/Imperial_Blaze";"96";"2"
"http://dbpedia.org/resource/Majesty_Shredding";"1182";"186"
"http://dbpedia.org/resource/Live_on_I-5";"1412";"473"
"http://dbpedia.org/resource/Dressy_Bessy_(album)";"92";"8"
"http://dbpedia.org/resource/Congregation_of_the_Damned";"292";"102"
"http://dbpedia.org/resource/Are_You_Passionate%3F";"1343";"439"
"http://dbpedia.org/resource/Life_on_Display";"282";"52"
"http://dbpedia.org/resource/Major/Minor_(album)";"1648";"598"
"http://dbpedia.org/resource/Storm_Corrosion_(album)";"2172";"546"
"http://dbpedia.org/resource/R.O.O.T.S.";"140";"0"
"http://dbpedia.org/resource/Swing_Lo_Magellan";"2730";"696"
"http://dbpedia.org/resource/Q_Soul_Bossa_Nostra";"64";"20"
"http://dbpedia.org/resource/Avalanche_United";"418";"256"
"http://dbpedia.org/resource/Turning_the_Mind";"214";"34"
"http://dbpedia.org/resource/Ghostbird";"100";"56"
"http://dbpedia.org/resource/Grrr...";"248";"32"
"http://dbpedia.org/resource/Nixon_(album)";"2384";"508"
"http://dbpedia.org/resource/I_Dreamed_a_Dream_(album)";"242";"8"
"http://dbpedia.org/resource/Odd_Soul";"457";"270"
"http://dbpedia.org/resource/The_Idler_Wheel...";"2694";"1450"
"http://dbpedia.org/resource/Some_Kind_of_Trouble";"236";"54"
"http://dbpedia.org/resource/Tones_of_Town";"372";"170"
"http://dbpedia.org/resource/Strange_Mercy";"5826";"3107"
"http://dbpedia.org/resource/Out_of_Nothing";"648";"116"
"http://dbpedia.org/resource/Sun,_Sun,_Sun";"338";"60"
"http://dbpedia.org/resource/Until_One";"364";"70"
"http://dbpedia.org/resource/Teen_Dream";"9568";"3306"
"http://dbpedia.org/resource/Invicta_(album)";"184";"26"
"http://dbpedia.org/resource/Mail_on_Sunday_(album)";"122";"5"
"http://dbpedia.org/resource/The_Budos_Band_III";"2232";"892"
"http://dbpedia.org/resource/Goodbye_Lullaby";"600";"290"
"http://dbpedia.org/resource/The_Third_Hand";"1122";"654"
"http://dbpedia.org/resource/Live_at_the_Aragon";"1624";"506"
"http://dbpedia.org/resource/My_Beautiful_Dark_Twisted_Fantasy";"10880";"6658"
"http://dbpedia.org/resource/We_Love_Life";"1997";"938"
"http://dbpedia.org/resource/Django_Django_(album)";"3661";"1491"
"http://dbpedia.org/resource/MGMT_(album)";"2054";"840"
"http://dbpedia.org/resource/Little_Sparrow";"196";"22"
"http://dbpedia.org/resource/Recitation_(album)";"1060";"432"
"http://dbpedia.org/resource/Singing_Bones";"628";"362"
"http://dbpedia.org/resource/Cedars_(album)";"310";"28"
"http://dbpedia.org/resource/Night_Shades";"78";"6"
"http://dbpedia.org/resource/Season_of_Poison";"308";"116"
"http://dbpedia.org/resource/Keys_to_the_World";"826";"68"
"http://dbpedia.org/resource/Diaper_Island";"750";"310"
"http://dbpedia.org/resource/20_Y.O.";"905";"410"
"http://dbpedia.org/resource/Emotional_Traffic";"18";"0"
"http://dbpedia.org/resource/Street_Horrrsing";"2428";"1302"
"http://dbpedia.org/resource/Fantasy_Ride";"206";"44"
"http://dbpedia.org/resource/Feast_of_Wire";"3174";"587"
"http://dbpedia.org/resource/Dark_Roots_of_Earth";"2406";"836"
"http://dbpedia.org/resource/Signal_Morning";"480";"108"
"http://dbpedia.org/resource/It's_Blitz!";"4006";"2056"
"http://dbpedia.org/resource/Milk_Cow_Blues";"115";"0"
"http://dbpedia.org/resource/High_Dive";"92";"8"
"http://dbpedia.org/resource/Dear_Science";"4622";"1632"
"http://dbpedia.org/resource/Strip_Me";"90";"46"
"http://dbpedia.org/resource/Size_Matters";"506";"192"
"http://dbpedia.org/resource/Wake_Up_the_Nation";"1471";"198"
"http://dbpedia.org/resource/Thunder,_Lightning,_Strike";"2410";"1230"
"http://dbpedia.org/resource/Chickenfoot_III";"26";"3"
"http://dbpedia.org/resource/Godspeed_on_the_Devil's_Thunder";"1554";"432"
"http://dbpedia.org/resource/30_Seconds_to_Mars_(album)";"0";"0"
"http://dbpedia.org/resource/Lotusflower_(album)";"1212";"221"
"http://dbpedia.org/resource/Paper_Tigers";"461";"140"
"http://dbpedia.org/resource/Nostalgia,_Ultra";"1582";"996"
"http://dbpedia.org/resource/Fragments_of_Freedom";"2092";"787"
"http://dbpedia.org/resource/David_Cook_(album)";"94";"0"
"http://dbpedia.org/resource/Nothing_but_the_Beat";"1460";"503"
"http://dbpedia.org/resource/Kill_for_Love";"5170";"2212"
"http://dbpedia.org/resource/Glassheart";"136";"28"
"http://dbpedia.org/resource/So_Long,_Astoria";"1280";"478"
"http://dbpedia.org/resource/Raymond_v._Raymond";"172";"36"
"http://dbpedia.org/resource/Yoshimi_Battles_the_Pink_Robots";"14790";"6348"
"http://dbpedia.org/resource/The_Great_Destroyer";"3335";"731"
"http://dbpedia.org/resource/Blue_Sky_Noise";"1576";"1524"
"http://dbpedia.org/resource/The_Con_(album)";"1602";"733"
"http://dbpedia.org/resource/Sing_the_Sorrow";"3536";"2060"
"http://dbpedia.org/resource/Lost_and_Safe";"1942";"844"
"http://dbpedia.org/resource/Rock_n_Roll_Jesus";"606";"132"
"http://dbpedia.org/resource/Tanglewood_Numbers";"1242";"320"
"http://dbpedia.org/resource/Black_Tambourine_(album)";"1359";"607"
"http://dbpedia.org/resource/Twilight_of_the_Thunder_God";"3174";"1406"
"http://dbpedia.org/resource/No_Hope,_No_Future";"138";"66"
"http://dbpedia.org/resource/So_Amazin'";"190";"40"
"http://dbpedia.org/resource/Pawn_Shoppe_Heart";"1054";"248"
"http://dbpedia.org/resource/Twelve_Stops_and_Home";"552";"148"
"http://dbpedia.org/resource/Twisted_Angel";"164";"19"
"http://dbpedia.org/resource/Fly_from_Here";"714";"328"
"http://dbpedia.org/resource/Since_I_Left_You";"7756";"11609"
"http://dbpedia.org/resource/We,_the_Vehicles";"626";"282"
"http://dbpedia.org/resource/The_Colourful_Life";"292";"74"
"http://dbpedia.org/resource/Devil's_Playground_(album)";"498";"114"
"http://dbpedia.org/resource/The_Angels_of_Light_Sing_'Other_People'";"1239";"405"
"http://dbpedia.org/resource/The_One...Cohesive";"30";"18"
"http://dbpedia.org/resource/Second_Round's_on_Me";"418";"78"
"http://dbpedia.org/resource/Righteous_Love";"146";"28"
"http://dbpedia.org/resource/The_Besnard_Lakes_Are_the_Roaring_Night";"1210";"118"
"http://dbpedia.org/resource/Silence_Is_Easy";"1479";"220"
"http://dbpedia.org/resource/Dark_End_of_the_Street_(album)";"0";"0"
"http://dbpedia.org/resource/Fin_(album)";"3041";"1893"
"http://dbpedia.org/resource/Fever_to_Tell";"4218";"3896"
"http://dbpedia.org/resource/Favourite_Worst_Nightmare";"10309";"4589"
"http://dbpedia.org/resource/Sweet_and_Wild";"88";"16"
"http://dbpedia.org/resource/The_Animal_Years";"604";"194"
"http://dbpedia.org/resource/Sexor";"2040";"628"
"http://dbpedia.org/resource/50_Words_for_Snow";"3653";"994"
"http://dbpedia.org/resource/SuperHeavy_(album)";"822";"136"
"http://dbpedia.org/resource/Yeah_Ghost";"398";"144"
"http://dbpedia.org/resource/Blur:_The_Best_Of";"333";"373"
"http://dbpedia.org/resource/Mad_Season_(album)";"876";"44"
"http://dbpedia.org/resource/Sagarmatha_(album)";"758";"368"
"http://dbpedia.org/resource/Powerballin'";"156";"25"
"http://dbpedia.org/resource/Testify_(Phil_Collins_album)";"721";"55"
"http://dbpedia.org/resource/Do_You_Want_the_Truth_or_Something_Beautiful%3F";"487";"64"
"http://dbpedia.org/resource/New_History_Warfare_Vol._2:_Judges";"1512";"712"
"http://dbpedia.org/resource/Truly_She_Is_None_Other";"728";"222"
"http://dbpedia.org/resource/Just_Whitney";"466";"96"
"http://dbpedia.org/resource/Flaws";"599";"596"
"http://dbpedia.org/resource/Alegranza_(album)";"564";"248"
"http://dbpedia.org/resource/Sounds_from_Nowheresville";"556";"140"
"http://dbpedia.org/resource/Mikal_Cronin_(album)";"1544";"696"
"http://dbpedia.org/resource/Bitte_Orca";"3420";"1268"
"http://dbpedia.org/resource/Something_for_the_Rest_of_Us";"124";"26"
"http://dbpedia.org/resource/The_View_from_the_Bottom";"6";"2"
"http://dbpedia.org/resource/Wind_in_the_Wires";"1140";"338"
"http://dbpedia.org/resource/Songs_from_the_Year_of_Our_Demise";"140";"8"
"http://dbpedia.org/resource/I_Am_Gemini";"860";"196"
"http://dbpedia.org/resource/Built_from_Scratch";"1549";"427"
"http://dbpedia.org/resource/Gary_Go_(album)";"60";"8"
"http://dbpedia.org/resource/The_Mix-Up";"5298";"1893"
"http://dbpedia.org/resource/Undun";"2222";"1668"
"http://dbpedia.org/resource/Panic_of_Girls";"720";"222"
"http://dbpedia.org/resource/Mm.._Food";"8930";"5812"
"http://dbpedia.org/resource/Kaputt_(album)";"3534";"1168"
"http://dbpedia.org/resource/Time*_Sex*_Love*";"132";"2"
"http://dbpedia.org/resource/Symphonicities";"562";"146"
"http://dbpedia.org/resource/Fragile_Future";"78";"10"
"http://dbpedia.org/resource/How_I_Got_Over_(album)";"5214";"1270"
"http://dbpedia.org/resource/Lisbon_(album)";"1906";"368"
"http://dbpedia.org/resource/Electronic_Earth";"130";"58"
"http://dbpedia.org/resource/Desperate_Youth,_Blood_Thirsty_Babes";"3908";"1222"
"http://dbpedia.org/resource/Enter_the_Vaselines";"2246";"428"
"http://dbpedia.org/resource/Playing_with_Fire_(Kevin_Federline_album)";"16";"14"
"http://dbpedia.org/resource/Hell_in_a_Handbasket";"108";"20"
"http://dbpedia.org/resource/Midnight_Souvenirs";"120";"18"
"http://dbpedia.org/resource/Augustana_(album)";"12";"5"
"http://dbpedia.org/resource/Gorilla_Manor";"2928";"730"
"http://dbpedia.org/resource/Democrazy";"382";"100"
"http://dbpedia.org/resource/Alright,_Still";"2964";"1122"
"http://dbpedia.org/resource/Havoc_and_Bright_Lights";"674";"298"
"http://dbpedia.org/resource/Kris_Allen_(album)";"40";"4"
"http://dbpedia.org/resource/Fantasy_Black_Channel";"846";"560"
"http://dbpedia.org/resource/Definition_of_Real";"48";"2"
"http://dbpedia.org/resource/Scabdates";"0";"0"
"http://dbpedia.org/resource/Happy_New_Year_(album)";"516";"164"
"http://dbpedia.org/resource/Nobody's_Daughter";"1042";"374"
"http://dbpedia.org/resource/So-Called_Chaos";"1056";"311"
"http://dbpedia.org/resource/Confield";"7106";"1970"
"http://dbpedia.org/resource/Music_Sounds_Better_with_You_(album)";"296";"94"
"http://dbpedia.org/resource/In_Our_Space_Hero_Suits";"262";"88"
"http://dbpedia.org/resource/Untrue";"17356";"10138"
"http://dbpedia.org/resource/Brassbound";"280";"28"
"http://dbpedia.org/resource/The_Head_and_the_Heart_(album)";"2438";"554"
"http://dbpedia.org/resource/Calamity_(album)";"156";"18"
"http://dbpedia.org/resource/Fornever";"90";"8"
"http://dbpedia.org/resource/Sad_Sappy_Sucker";"2752";"1432"
"http://dbpedia.org/resource/Dirty_Words";"324";"42"
"http://dbpedia.org/resource/I_Had_the_Blues_But_I_Shook_Them_Loose";"1052";"990"
"http://dbpedia.org/resource/II_Trill";"120";"24"
"http://dbpedia.org/resource/The_Handler";"176";"92"
"http://dbpedia.org/resource/Blues_Dream";"204";"28"
"http://dbpedia.org/resource/When_It_All_Goes_South";"29";"0"
"http://dbpedia.org/resource/Monoliths_&_Dimensions";"6138";"2944"
"http://dbpedia.org/resource/Sex_Dreams_and_Denim_Jeans";"598";"452"
"http://dbpedia.org/resource/XTRMNTR";"4199";"1531"
"http://dbpedia.org/resource/Now_Here_Is_Nowhere";"1006";"356"
"http://dbpedia.org/resource/Forever_Abomination";"1124";"466"
"http://dbpedia.org/resource/Bleed_Like_Me";"1938";"616"
"http://dbpedia.org/resource/Ire_Works";"3086";"1632"
"http://dbpedia.org/resource/A_Better_Version_of_Me";"644";"198"
"http://dbpedia.org/resource/House_of_Balloons";"2020";"1651"
"http://dbpedia.org/resource/Dirty_Vegas_(album)";"1110";"288"
"http://dbpedia.org/resource/Somebody's_Miracle";"168";"24"
"http://dbpedia.org/resource/Falcon_(album)";"276";"320"
"http://dbpedia.org/resource/Black_Swan_(album)";"250";"110"
"http://dbpedia.org/resource/Come_to_Where_I'm_From";"406";"29"
"http://dbpedia.org/resource/Tarot_Sport";"2584";"1394"
"http://dbpedia.org/resource/Sunny_Border_Blue";"460";"34"
"http://dbpedia.org/resource/Labor_Days";"4030";"1754"
"http://dbpedia.org/resource/Laws_of_Illusion";"396";"28"
"http://dbpedia.org/resource/You_Gotta_Go_There_to_Come_Back";"1169";"733"
"http://dbpedia.org/resource/Walking_Cloud_and_Deep_Red_Sky,_Flag_Fluttered_and_the_Sun_Shined";"2486";"792"
"http://dbpedia.org/resource/Untouchables_(album)";"3767";"1436"
"http://dbpedia.org/resource/%22Happy%22_in_Galoshes";"152";"12"
"http://dbpedia.org/resource/Mar_Dulce_(album)";"192";"44"
"http://dbpedia.org/resource/Marissa_Nadler_(album)";"580";"130"
"http://dbpedia.org/resource/In_Your_Dreams_(album)";"186";"36"
"http://dbpedia.org/resource/Morning_View_Sessions";"4945";"2607"
"http://dbpedia.org/resource/Crossing_Muddy_Waters";"228";"14"
"http://dbpedia.org/resource/Scissor_Sisters_(album)";"3318";"752"
"http://dbpedia.org/resource/Folker";"228";"28"
"http://dbpedia.org/resource/Faking_the_Books";"1940";"468"
"http://dbpedia.org/resource/Trust_Me_(album)";"158";"43"
"http://dbpedia.org/resource/Salival";"3169";"4302"
"http://dbpedia.org/resource/Little_Sparrow";"196";"22"
"http://dbpedia.org/resource/Two_Dancers";"1310";"466"
"http://dbpedia.org/resource/Young_Man_in_America";"0";"0"
"http://dbpedia.org/resource/The_Magic_Numbers_(album)";"1564";"290"
"http://dbpedia.org/resource/Generation_Freakshow_(album)";"258";"150"
"http://dbpedia.org/resource/The_Spirit_Indestructible";"208";"46"
"http://dbpedia.org/resource/Marnie_Stern_(album)";"534";"194"
"http://dbpedia.org/resource/Copia_(album)";"622";"150"
"http://dbpedia.org/resource/Akron/Family_(album)";"1670";"478"
"http://dbpedia.org/resource/Dilate_(Bardo_Pond_album)";"1070";"390"
"http://dbpedia.org/resource/Pull_the_Pin";"411";"282"
"http://dbpedia.org/resource/Shobaleader_One:_d'Demonstrator";"0";"0"
"http://dbpedia.org/resource/Morningwood_(album)";"215";"15"
"http://dbpedia.org/resource/One_Kind_Favor";"232";"88"
"http://dbpedia.org/resource/Pattern+Grid_World";"3450";"1144"
"http://dbpedia.org/resource/The_Violet_Hour_(album)";"480";"374"
"http://dbpedia.org/resource/The_Block_(album)";"572";"206"
"http://dbpedia.org/resource/Sorry_for_Party_Rocking";"364";"74"
"http://dbpedia.org/resource/Jarvis_(album)";"1704";"501"
"http://dbpedia.org/resource/Bootleg_Detroit";"278";"88"
"http://dbpedia.org/resource/Romance_at_Short_Notice";"258";"100"
"http://dbpedia.org/resource/Miss_E..._So_Addictive";"2221";"937"
"http://dbpedia.org/resource/Black_Sheep_Boy";"2596";"567"
"http://dbpedia.org/resource/This_Is_Country_Music";"32";"0"
"http://dbpedia.org/resource/Money_and_Celebrity";"186";"142"
"http://dbpedia.org/resource/Charango_(album)";"2292";"841"
"http://dbpedia.org/resource/Awake_Is_the_New_Sleep";"200";"2"
"http://dbpedia.org/resource/All_6's_and_7's";"186";"46"
"http://dbpedia.org/resource/Children_Running_Through";"118";"4"
"http://dbpedia.org/resource/The_King_of_Limbs";"21950";"5300"
"http://dbpedia.org/resource/Things_We_Lost_in_the_Fire_(album)";"3538";"1362"
"http://dbpedia.org/resource/Space_Is_Only_Noise";"5444";"4462"
"http://dbpedia.org/resource/Born_in_the_U.K.";"893";"157"
"http://dbpedia.org/resource/A_Hyperactive_Workout_for_the_Flying_Squad";"164";"62"
"http://dbpedia.org/resource/Give_Up_the_Ghost_(album)";"220";"144"
"http://dbpedia.org/resource/It_Is_Time_for_a_Love_Revolution";"661";"178"
"http://dbpedia.org/resource/The_Remote_Part";"1064";"352"
"http://dbpedia.org/resource/Love_Is_Dead_(Kerli_album)";"225";"52"
"http://dbpedia.org/resource/Hold_On_'til_the_Night";"20";"0"
"http://dbpedia.org/resource/Turn_on_the_Bright_Lights";"15132";"6206"
"http://dbpedia.org/resource/Early_21st_Century_Blues";"144";"8"
"http://dbpedia.org/resource/Cripple_Crow";"2859";"1150"
"http://dbpedia.org/resource/Figure_8_(album)";"5188";"3048"
"http://dbpedia.org/resource/The_Seventh_Seal_(Rakim_album)";"474";"190"
"http://dbpedia.org/resource/Pause_(album)";"3694";"1642"
"http://dbpedia.org/resource/White_Blood_Cells_(album)";"15440";"10284"
"http://dbpedia.org/resource/Winning_Days";"1301";"319"
"http://dbpedia.org/resource/Super_Taranta!";"1822";"408"
"http://dbpedia.org/resource/A_Day_Without_Rain";"1727";"144"
"http://dbpedia.org/resource/D12_World";"1458";"584"
"http://dbpedia.org/resource/So_Runs_the_World_Away";"550";"168"
"http://dbpedia.org/resource/Kisses_on_the_Bottom";"1116";"252"
"http://dbpedia.org/resource/Threes_(album)";"652";"416"
"http://dbpedia.org/resource/Pain_Is_Love";"762";"202"
"http://dbpedia.org/resource/Section.80";"1989";"3322"
"http://dbpedia.org/resource/The_Futureheads_(album)";"1464";"378"
"http://dbpedia.org/resource/Electric_Circus_(album)";"2528";"961"
"http://dbpedia.org/resource/Apologies_to_the_Queen_Mary";"3840";"620"
"http://dbpedia.org/resource/This_Kind_of_Love";"24";"6"
"http://dbpedia.org/resource/The_Dirty_South_(album)";"1479";"404"
"http://dbpedia.org/resource/Ferrari_Boyz";"36";"14"
"http://dbpedia.org/resource/The_Cosmos_Rocks";"956";"266"
"http://dbpedia.org/resource/Apollo_Kids_(album)";"1114";"582"
"http://dbpedia.org/resource/The_Fine_Art_of_Self_Destruction";"428";"88"
"http://dbpedia.org/resource/Serena_Maneesh_(album)";"878";"240"
"http://dbpedia.org/resource/City_Beach_(album)";"122";"30"
"http://dbpedia.org/resource/Sound_of_Silver";"10108";"6770"
"http://dbpedia.org/resource/Come_Through_for_You";"2";"3"
"http://dbpedia.org/resource/Rebelution_(Pitbull_album)";"138";"62"
"http://dbpedia.org/resource/Bicycles_&_Tricycles";"1647";"446"
"http://dbpedia.org/resource/In_Between_Dreams";"4465";"1530"
"http://dbpedia.org/resource/You_Could_Have_It_So_Much_Better";"6485";"1731"
"http://dbpedia.org/resource/Sometimes_I_Wish_We_Were_an_Eagle";"3114";"680"
"http://dbpedia.org/resource/God_Hates_Us_All";"5675";"2457"
"http://dbpedia.org/resource/I'll_Sleep_When_You're_Dead";"2036";"1324"
"http://dbpedia.org/resource/Gettin'_In_Over_My_Head";"333";"56"
"http://dbpedia.org/resource/Artwork_(album)";"347";"174"
"http://dbpedia.org/resource/American_Slang";"5349";"1165"
"http://dbpedia.org/resource/Out_of_Ashes";"389";"142"
"http://dbpedia.org/resource/Shock_Value_II";"410";"142"
"http://dbpedia.org/resource/Old_Ideas";"2900";"492"
"http://dbpedia.org/resource/Sky_at_Night_(album)";"572";"160"
"http://dbpedia.org/resource/Studio_150";"1000";"342"
"http://dbpedia.org/resource/Let's_Bottle_Bohemia";"646";"188"
"http://dbpedia.org/resource/My_Father_Will_Guide_Me_up_a_Rope_to_the_Sky";"5884";"1786"
"http://dbpedia.org/resource/Free_Somehow";"174";"56"
"http://dbpedia.org/resource/Blood_Like_Lemonade";"456";"122"
"http://dbpedia.org/resource/The_Spine";"353";"73"
"http://dbpedia.org/resource/Fear_of_a_Blank_Planet";"5138";"2246"
"http://dbpedia.org/resource/Haunted_Cities";"476";"98"
"http://dbpedia.org/resource/Night_Train_(EP)";"0";"0"
"http://dbpedia.org/resource/Extraordinary_Machine";"2176";"1383"
"http://dbpedia.org/resource/Smother_(album)";"1549";"352"
"http://dbpedia.org/resource/Streets_of_Gold";"134";"42"
"http://dbpedia.org/resource/Chocolate_Starfish_and_the_Hot_Dog_Flavored_Water";"3271";"1623"
"http://dbpedia.org/resource/Jj_n%C2%B0_2";"870";"474"
"http://dbpedia.org/resource/The_Powerless_Rise";"596";"124"
"http://dbpedia.org/resource/Battle_for_the_Sun";"3204";"884"
"http://dbpedia.org/resource/The_Guitar_Song";"280";"66"
"http://dbpedia.org/resource/Skying";"2998";"726"
"http://dbpedia.org/resource/Ariels";"542";"222"
"http://dbpedia.org/resource/Love_Songs_for_Patriots";"576";"98"
"http://dbpedia.org/resource/Slipway_Fires";"422";"66"
"http://dbpedia.org/resource/Option_Paralysis";"2918";"1414"
"http://dbpedia.org/resource/Electronic_Dream";"82";"46"
"http://dbpedia.org/resource/The_Rose_Has_Teeth_in_the_Mouth_of_a_Beast";"1260";"336"
"http://dbpedia.org/resource/Sweet_Heart_Sweet_Light";"3074";"658"
"http://dbpedia.org/resource/The_Golden_D";"549";"142"
"http://dbpedia.org/resource/Crack_the_Skye";"10735";"3926"
"http://dbpedia.org/resource/To_Lose_My_Life...";"3642";"1213"
"http://dbpedia.org/resource/Treats_(album)";"2746";"1072"
"http://dbpedia.org/resource/Post-Nothing";"3533";"971"
"http://dbpedia.org/resource/Goodbye_Bread";"2734";"936"
"http://dbpedia.org/resource/God's_Son";"3092";"1619"
"http://dbpedia.org/resource/D-D-Don't_Don't_Stop_the_Beat";"747";"663"
"http://dbpedia.org/resource/The_Moon_&_Antarctica";"11106";"4790"
